:020000040800F2
:10000000000005203D2A00088D2A00088D2A0008DE
:100010008D2A00088D2A00088D2A000800000000A3
:100020000000000000000000000000008D2A000811
:100030008D2A0008000000008D2A00088D2A000883
:100040008D2A00088D2A00088D2A00088D2A0008B4
:100050008D2A00088D2A00088D2A00088D2A0008A4
:100060008D2A00088D2A00088D2A00088D2A000894
:100070008D2A00088D2A00088D2A00088D2A000884
:100080008D2A00088D2A00088D2A00088D2A000874
:100090008D2A00088D2A00088D2A00088D2A000864
:1000A0008D2A00088D2A00088D2A00088D2A000854
:1000B0008D2A00088D2A00088D2A00088D2A000844
:1000C0008D2A00088D2A00088D2A00088D2A000834
:1000D0008D2A00088D2A00088D2A00088D2A000824
:1000E0008D2A00088D2A00088D2A00088D2A000814
:1000F0008D2A00088D2A00088D2A00088D2A000804
:100100008D2A00088D2A00088D2A00088D2A0008F3
:100110008D2A00088D2A0008152A00088D2A00085B
:100120008D2A00088D2A00088D2A00088D2A0008D3
:100130008D2A00088D2A00088D2A00088D2A0008C3
:100140008D2A00088D2A00088D2A00088D2A0008B3
:100150008D2A00088D2A00088D2A00088D2A0008A3
:100160008D2A00088D2A00088D2A00088D2A000893
:100170008D2A00088D2A00088D2A00080000000042
:100180008D2A00088D2A00088D2A00088D2A000873
:100190008D2A00088D2A00088D2A00088D2A000863
:1001A00000000000000000008D2A00088D2A0008D1
:1001B0008D2A00088D2A00088D2A00088D2A000843
:0801C0008D2A00088D2A0008B9
:1002000081F0004102E000BF83F0004330B54FEAC7
:1002100041044FEA430594EA050F08BF90EA020F34
:100220001FBF54EA000C55EA020C7FEA645C7FEAC7
:10023000655C00F0E2804FEA5454D4EB5555B8BFEA
:100240006D420CDD2C4480EA020281EA030382EA5B
:10025000000083EA010180EA020281EA0303362DED
:1002600088BF30BD11F0004F4FEA01314FF4801CC0
:100270004CEA113102D0404261EB410113F0004FD2
:100280004FEA03334CEA133302D0524263EB430389
:1002900094EA050F00F0A780A4F10104D5F1200E27
:1002A0000DDB02FA0EFC22FA05F2801841F1000182
:1002B00003FA0EF2801843FA05F359410EE0A5F156
:1002C00020050EF1200E012A03FA0EFC28BF4CF087
:1002D000020C43FA05F3C01851EBE37101F000453D
:1002E00007D54FF0000EDCF1000C7EEB00006EEB4A
:1002F0000101B1F5801F1BD3B1F5001F0CD34908D4
:100300005FEA30004FEA3C0C04F101044FEA44522A
:1003100012F5800F80F09A80BCF1004F08BF5FEAB1
:10032000500C50F1000041EB045141EA050130BD91
:100330005FEA4C0C404141EB0101013C28BFB1F5A3
:10034000801FE9D291F0000F04BF01460020B1FAEE
:1003500081F308BF2033A3F10B03B3F120020CDAC1
:100360000C3208DD02F1140CC2F10C0201FA0CF09F
:1003700021FA02F10CE002F11402D8BFC2F1200C04
:1003800001FA02F120FA0CFCDCBF41EA0C019040BA
:10039000E41AA2BF01EB0451294330BD6FEA040403
:1003A0001F3C1CDA0C340EDC04F11404C4F12002EE
:1003B00020FA04F001FA02F340EA030021FA04F300
:1003C00045EA030130BDC4F10C04C4F1200220FA57
:1003D00002F001FA04F340EA0300294630BD21FA95
:1003E00004F0294630BD94F0000F83F4801306BF5B
:1003F00081F480110134013D4EE77FEA645C18BF4F
:100400007FEA655C29D094EA050F08BF90EA020FE5
:1004100005D054EA000C04BF1946104630BD91EADD
:10042000030F1EBF0021002030BD5FEA545C05D1E0
:100430004000494128BF41F0004130BD14F580041F
:100440003CBF01F5801130BD01F0004545F0FE4193
:1004500041F470014FF0000030BD7FEA645C1ABFC8
:10046000194610467FEA655C1CBF0B46024650EAFF
:10047000013406BF52EA033591EA030F41F400212B
:1004800030BD00BF90F0000F04BF0021704730B5B1
:100490004FF4806404F132044FF000054FF0000186
:1004A00050E700BF90F0000F04BF0021704730B547
:1004B0004FF4806404F1320410F0004548BF40421C
:1004C0004FF000013EE700BF42004FEAE2014FEA71
:1004D00031014FEA02701FBF12F07F4393F07F4F4C
:1004E00081F06051704732F07F4208BF704793F04F
:1004F0007F4F04BF41F40021704730B54FF4607462
:1005000001F0004521F000411CE700BF50EA010264
:1005100008BF704730B54FF000050AE050EA01020D
:1005200008BF704730B511F0004502D5404261EB7D
:1005300041014FF4806404F132045FEA915C3FF4BE
:10054000D8AE4FF003025FEADC0C18BF03325FEA5B
:10055000DC0C18BF033202EBDC02C2F1200300FA0C
:1005600003FC20FA02F001FA03FE40EA0E0021FA31
:1005700002F11444BDE600BF70B54FF0FF0C4CF41F
:10058000E06C1CEA11541DBF1CEA135594EA0C0FD1
:1005900095EA0C0F00F0DEF82C4481EA030621EA0C
:1005A0004C5123EA4C5350EA013518BF52EA033547
:1005B00041F4801143F4801338D0A0FB02CE4FF0F9
:1005C0000005E1FB02E506F00042E0FB03E54FF029
:1005D0000006E1FB03569CF0000F18BF4EF0010E21
:1005E000A4F1FF04B6F5007F64F5407404D25FEA1D
:1005F0004E0E6D4146EB060642EAC62141EA5551D0
:100600004FEAC52040EA5E504FEACE2EB4F1FD0C11
:1006100088BFBCF5E06F1ED8BEF1004F08BF5FEA8F
:10062000500E50F1000041EB045170BD06F0004641
:1006300046EA010140EA020081EA0301B4EB5C04EE
:10064000C2BFD4EB0C0541EA045170BD41F48011E6
:100650004FF0000E013C00F3AB8014F1360FDEBF0B
:10066000002001F0004170BDC4F10004203C35DAE7
:100670000C341BDC04F11404C4F1200500FA05F36A
:1006800020FA04F001FA05F240EA020001F000420B
:1006900021F0004110EBD37021FA04F642EB060181
:1006A0005EEA430E08BF20EAD37070BDC4F10C04AB
:1006B000C4F1200500FA04F320FA05F001FA04F26F
:1006C00040EA020001F0004110EBD37041F100015B
:1006D0005EEA430E08BF20EAD37070BDC4F1200566
:1006E00000FA05F24EEA020E20FA04F301FA05F2CE
:1006F00043EA020321FA04F001F0004121FA04F276
:1007000020EA020000EBD3705EEA430E08BF20EA45
:10071000D37070BD94F0000F0FD101F0004640007F
:1007200041EB010111F4801F08BF013CF7D041EA01
:10073000060195F0000F18BF704703F00046520005
:1007400043EB030313F4801F08BF013DF7D043EAD6
:100750000603704794EA0C0F0CEA135518BF95EA8C
:100760000C0F0CD050EA410618BF52EA4306D1D113
:1007700081EA030101F000414FF0000070BD50EA32
:10078000410606BF1046194652EA430619D094EABC
:100790000C0F02D150EA013613D195EA0C0F05D1A6
:1007A00052EA03361CBF104619460AD181EA0301FA
:1007B00001F0004141F0FE4141F470014FF00000B2
:1007C00070BD41F0FE4141F4780170BD70B54FF04D
:1007D000FF0C4CF4E06C1CEA11541DBF1CEA1355CD
:1007E00094EA0C0F95EA0C0F00F0A7F8A4EB0504AF
:1007F00081EA030E52EA03354FEA013100F08880A6
:100800004FEA03334FF0805545EA131343EA12636E
:100810004FEA022245EA111545EA10654FEA002623
:100820000EF000419D4208BF964244F1FD0404F5DC
:10083000407402D25B084FEA3202B61A65EB030538
:100840005B084FEA32024FF480104FF4002CB6EBF5
:10085000020E75EB030E22BFB61A754640EA0C0075
:100860005B084FEA3202B6EB020E75EB030E22BFB5
:10087000B61A754640EA5C005B084FEA3202B6EBF6
:10088000020E75EB030E22BFB61A754640EA9C00B5
:100890005B084FEA3202B6EB020E75EB030E22BF85
:1008A000B61A754640EADC0055EA060E18D04FEA43
:1008B000051545EA16754FEA06164FEAC30343EAE3
:1008C00052734FEAC2025FEA1C1CC0D111F4801FB0
:1008D0000BD141EA00014FF000004FF0004CB6E7A9
:1008E00011F4801F04BF01430020B4F1FD0C88BF48
:1008F000BCF5E06F3FF6AFAEB5EB030C04BFB6EB53
:10090000020C5FEA500C50F1000041EB045170BD45
:100910000EF0004E4EEA113114EB5C04C2BFD4EB72
:100920000C0541EA045170BD41F480114FF0000EF6
:10093000013C90E645EA060E8DE60CEA135594EA72
:100940000C0F08BF95EA0C0F3FF43BAF94EA0C0F75
:100950000AD150EA01347FF434AF95EA0C0F7FF4EA
:1009600025AF104619462CE795EA0C0F06D152EA3E
:1009700003353FF4FDAE1046194622E750EA410622
:1009800018BF52EA43067FF4C5AE50EA41047FF433
:100990000DAF52EA43057FF4EBAE12E74FF0FF3C98
:1009A00006E000BF4FF0010C02E000BF4FF0010C69
:1009B0004DF804CD4FEA410C7FEA6C5C4FEA430CE2
:1009C00018BF7FEA6C5C1BD001B050EA410C0CBF31
:1009D00052EA430C91EA030F02BF90EA020F002093
:1009E000704710F1000F91EA030F58BF994208BFFA
:1009F00090422CBFD8176FEAE37040F001007047B7
:100A00004FEA410C7FEA6C5C02D150EA013C07D10D
:100A10004FEA430C7FEA6C5CD6D152EA033CD3D058
:100A20005DF8040B704700BF8446104662468C4652
:100A30001946634600E000BF01B5FFF7B7FF002885
:100A400048BF10F1000F01BD4DF808EDFFF7F4FFAE
:100A50000CBF012000205DF808FB00BF4DF808ED39
:100A6000FFF7EAFF34BF012000205DF808FB00BF5C
:100A70004DF808EDFFF7E0FF94BF012000205DF87E
:100A800008FB00BF4DF808EDFFF7CEFF94BF012033
:100A900000205DF808FB00BF4DF808EDFFF7C4FF2C
:100AA00034BF012000205DF808FB00BF4FEA410C75
:100AB0007FEA6C5C02D150EA013C0AD14FEA430C58
:100AC0007FEA6C5C02D152EA033C02D14FF0000095
:100AD00070474FF0010070474FEA410212F50012D3
:100AE00015D211D56FF47873B3EB625212D94FEA75
:100AF000C12343F0004343EA505311F0004F23FA5F
:100B000002F018BF404270474FF00000704750EAB3
:100B1000013005D111F0004008BF6FF00040704770
:100B20004FF00000704700BF4A0011D212F50012CA
:100B300011D20DD56FF47873B3EB62520ED44FEA35
:100B4000C12343F0004343EA505323FA02F07047B5
:100B50004FF00000704750EA013002D14FF0FF30F3
:100B600070474FF0000070474FEA4102B2F1E04396
:100B700024BFB3F5001CDCF1FE5C0DD901F0004C84
:100B80004FEAC0024CEA5070B2F1004F40EB8300D4
:100B900008BF20F00100704711F0804F21D113F100
:100BA0003872BCBF01F00040704741F480114FEA39
:100BB0005252C2F11802C2F1200C10FA0CF320FAC2
:100BC00002F018BF40F001004FEAC1234FEAD323DF
:100BD00003FA0CFC40EA0C0023FA02F34FEA430349
:100BE000CCE77FEA625307D150EA01331EBF4FF0D2
:100BF000FE4040F44000704701F0004040F0FE40ED
:100C000040F40000704700BF00000000000000003A
:100C100000000000000000000000000000000000D4
:100C200002780B78012A28BF9A4240F0D8806DE9FB
:100C3000044540EA0104CDE902676FF0000C4FEA79
:100C400044721AB380EA010414F0070F6BD100F06C
:100C5000070420F0070004F0030521F007014FEA24
:100C6000C505F0E8042314F0040FF1E804670CFA5A
:100C700005F462EA040266EA04060BD063EA0403A0
:100C8000624667EA0407664604E000BFF0E8042312
:100C9000F1E8046782FA4CF582EA0604A4FA8CF4BF
:100CA0006CBB83FA4CF583EA0705A5FA8CF595B978
:100CB00050E9022351E9026782FA4CF582EA060400
:100CC000A4FA8CF483FA4CF583EA0705A5FA8CF5AF
:100CD0002543DBD09CB92DBAB5FA85F424F007047E
:100CE00027FA04F1DDE9026723FA04F303F0FF00B9
:100CF00001F0FF01FDE80445A0EB0100704724BAB4
:100D0000B4FA84F424F0070426FA04F1DDE902675A
:100D100022FA04F202F0FF0001F0FF01FDE80445B1
:100D2000A0EB0100704714F0030F3CD110F0030456
:100D300028D150F8082B51F8083B82FA4CF582EA8A
:100D40000305A5FA8CF55DB950F8042C51F8043C64
:100D500082FA4CF582EA0305A5FA8CF5002DE8D05D
:100D60002DBAB5FA85F424F0070423FA04F122FA27
:100D700004F202F0FF0001F0FF01FDE80445A0EBE2
:100D8000010070474FEAC40420F0030050F8082B1C
:100D900021F0030151F8083B0CFA04F462EA040262
:100DA00063EA0403C9E710F003041DD0A1EB0401BA
:100DB00020F00300E40750F8042B06D012D28B7801
:100DC0005FFAA2F4E41A06D12BB1CB785FFAB2F441
:100DD000E41A00D133B920465DF8104B7047A2EBFE
:100DE0000300704701F1040150F8042BCC0721F0F7
:100DF000030151F8043B48D824D222F07F4482FA00
:100E00004CF594EA1325A5FA8CF50AD165B951F889
:100E1000043B84EA0204B4EB036F0ED150F8042BB8
:100E2000EBE74FEA132355E035F07F454DD10878C5
:100E3000FDE80445C0F1000070474FEA126203F07C
:100E4000FF0347E002EA1C4482FA4CF594EA13459A
:100E5000A5FA8CF50AD165B951F8043B84EA02047D
:100E6000B4EB034F0CD150F8042BEBE74FEA1343DC
:100E700030E015EA1C4528D10B884FEA124229E0E0
:100E80004FEA124203EA1C4324E002F0FF0482FA14
:100E90004CF594EA1365A5FA8CF50AD165B951F8B9
:100EA000043B84EA0204B4EB032F09D150F8042B6D
:100EB000EBE74FEA13630DE015F0FF0F05D10B6868
:100EC0004FEA122223F07F4304E04FF00000FDE8D8
:100ED0000445704712BA1BBA82FA4CF482EA030442
:100EE000A4FA8CF5B5FA85F402FA04F203FA04F3D5
:100EF0004FEA1260FDE80445A0EB1360704700BFA5
:100F0000844641EA000313F003036DD1403A41D314
:100F100051F8043B40F8043B51F8043B40F8043BD3
:100F200051F8043B40F8043B51F8043B40F8043BC3
:100F300051F8043B40F8043B51F8043B40F8043BB3
:100F400051F8043B40F8043B51F8043B40F8043BA3
:100F500051F8043B40F8043B51F8043B40F8043B93
:100F600051F8043B40F8043B51F8043B40F8043B83
:100F700051F8043B40F8043B51F8043B40F8043B73
:100F800051F8043B40F8043B51F8043B40F8043B63
:100F9000403ABDD2303211D351F8043B40F8043B03
:100FA00051F8043B40F8043B51F8043B40F8043B43
:100FB00051F8043B40F8043B103AEDD20C3205D313
:100FC00051F8043B40F8043B043AF9D2043208D00B
:100FD000D2071CBF11F8013B00F8013B01D30B887D
:100FE00003806046704700BF082A13D38B078DD05B
:100FF00010F003038AD0C3F10403D21ADB071CBF2D
:1010000011F8013B00F8013B80D331F8023B20F896
:10101000023B7BE7043AD9D3013A11F8013B00F8CF
:10102000013BF9D20B7803704B7843708B78837057
:101030006046704700000000000000000000000053
:1010400030B490F800F020F007016FF0000C10F0C1
:10105000070491F820F040F048804FF000046FF052
:101060000700D1E9002391F840F000F1080082FA6E
:101070004CF2A4FA8CF283FA4CF3A2FA8CF34BBB39
:10108000D1E9022382FA4CF200F10800A4FA8CF2B2
:1010900083FA4CF3A2FA8CF3E3B9D1E9042382FA80
:1010A0004CF200F10800A4FA8CF283FA4CF3A2FA95
:1010B0008CF37BB9D1E9062301F1200182FA4CF2CD
:1010C00000F10800A4FA8CF283FA4CF3A2FA8CF334
:1010D000002BC6D0002A04BF04301A4612BAB2FA56
:1010E00082F200EBD20030BC7047D1E9002304F05B
:1010F0000305C4F100004FEAC50514F0040F91F890
:1011000040F00CFA05F562EA05021CBF63EA05032C
:1011100062464FF00004AAE7000000000000000053
:1011200001F0FF01102A2BDB10F0070F08D010F898
:10113000013B013A8B422DD010F0070F42B3F6D19C
:10114000F0B441EA012141EA014122F007047FF0B5
:1011500000070023F0E80256083C85EA010586EA0C
:10116000010685FA47F5A3FA87F586FA47F6A5FA48
:1011700087F68EB9EED1F0BC01F0FF0102F0070254
:1011800032B110F8013B013A83EA010313B1F8D1FF
:101190000020704701387047002D06BF35460338E0
:1011A000073815F0010F07D1013015F4807F02BF19
:1011B000013015F4C03F0130F0BC0138704700BF6A
:1011C00010B5054C237833B9044B13B10448AFF381
:1011D00000800123237010BDF807002000000000EC
:1011E000ACFC000808B5034B1BB103490348AFF33F
:1011F000008008BD00000000FC070020ACFC0008D7
:1012000090B597B004AF03F095FA00F039F807F104
:10121000240407F12C0207F1340107F140003B469A
:10122000029307F10C03019307F11803009323467F
:1012300000F050F8114801F0A9FFBA8D07F1400302
:101240001146184600F090F807F12C03184600F0FC
:1012500097FC07F12C0207F134031146184600F001
:10126000ABFB07F1400207F1180107F12403184610
:1012700000F0D2FC014801F0A1FFDBE738080020B4
:1012800080B588B000AF114B48221A800F4B052261
:101290005A800E4B06229A800C4B0722DA800B4BA9
:1012A00047221A813B462821184604F051FC074882
:1012B00001F046FD07F110031A460449044801F005
:1012C0004BFE00BF2037BD4680BD00BF1408002084
:1012D0003808002080B485B000AFF860B9607A604B
:1012E0003B60BB68B4221A80BB684FF434725A80EA
:1012F000BB6840F27E429A80BB683C22DA80BB68C1
:1013000078221A81BB6869225A81FB68FF229A7190
:101310007B6801221A803B6800221A703B68002219
:101320005A703B6800229A70BB694FF000021A6045
:10133000BB694FF000025A60BB6900221A723B6A17
:101340004FF400421A803B6A4FF400425A803B6AD5
:1013500032229A803B6A0022DA8000BF1437BD46F1
:101360005DF8047B70470000B0B590B008AFF8603E
:101370000B467B817B8945F25552934267D87B8926
:1013800007EE903AB8EE677ADFEDB36AC7EE267AD9
:10139000C7ED057A7869FFF797F802460B464FF0DC
:1013A0000000AE49FEF730FF02460B4610461946D4
:1013B000A7A3D3E90023FFF7DFF802460B46104648
:1013C0001946FFF7B1FB0346DAB2FB681A70D7ED96
:1013D000057A9FEDA37A67EE877AFCEEE77AC7ED90
:1013E000017A3B79DAB2FB685A70FB6800229A7086
:1013F000D7ED057A9FED9A7A67EE877AFCEEE77A69
:10140000C7ED017A3B79DAB2FB68DA707869FFF7E9
:101410005BF802460B464FF000009049FEF7F4FEE1
:1014200002460B461046194689A3D3E90023FFF76D
:10143000A3F802460B4610461946FFF775FB034614
:10144000DAB2FB681A71FB6800225A71D7E07B8917
:101450004AF6AA22934269D87A89824B134407EE4E
:10146000903AB8EEE77ADFED7C6AC7EE267AC7EDF0
:10147000067AFB6800221A70B869FFF725F8024661
:101480000B464FF000007549FEF7BEFE02460B46C4
:10149000104619466EA3D3E90023FFF76DF8024604
:1014A0000B4610461946FFF73FFB0346DAB2FB68CE
:1014B0005A70D7ED067A9FED6A7A67EE877AFCEE6E
:1014C000E77AC7ED017A3B79DAB2FB689A70FB687C
:1014D0000022DA70D7ED067A9FED617A67EE877A9F
:1014E000FCEEE77AC7ED017A3B79DAB2FB681A7154
:1014F000B869FEF7E9FF02460B464FF00000574976
:10150000FEF782FE02460B461046194650A3D3E969
:101510000023FFF731F802460B4610461946FFF745
:1015200003FB0346DAB2FB685A7168E07A894E4BD6
:10153000134407EE903AB8EEE77ADFED476AC7EE5C
:10154000267AC7ED077AD7ED077A9FED457A67EEE1
:10155000877AFCEEE77AC7ED017A3B79DAB2FB686D
:101560001A70FB6800225A70F869FEF7ADFF024658
:101570000B464FF000003949FEF746FE02460B4687
:101580001046194632A3D3E90023FEF7F5FF0246C1
:101590000B4610461946FFF7C7FA0346DAB2FB6856
:1015A0009A70F869FEF790FF02460B464FF0000074
:1015B0002A49FEF729FE02460B461046194624A387
:1015C000D3E90023FEF7D8FF02460B461046194622
:1015D000FFF7AAFA0346DAB2FB68DA70FB6800226A
:1015E0001A71D7ED077A9FED1E7A67EE877AFCEEC7
:1015F000E77AC7ED017A3B79DAB2FB685A714FF0AE
:10160000D8511A4802F0BEFB1949184802F0BAFB3B
:10161000FB681B78FA685278F9688978F868C078AE
:10162000FC682479FD686D79069505940490039112
:10163000029201934FF4887300934FF4F0730022E9
:1016400000210A4802F0AEFD00BF2037BD46B0BD04
:101650000000000000E06F4000AAAA460000F03F32
:1016600000007F43ABAAFFFF5655FFFF380800205C
:101670001081071C90B587B004AF03460A46FB8073
:101680001346BB8049494A4802F07CFB4949484817
:1016900002F078FBBA88F9880523039300230293AC
:1016A0000A230193782300937823414801F098FF9F
:1016B00041493F4802F066FBFB88143399B2BB886E
:1016C00007339AB23D4B0193002300931F23384800
:1016D00002F0ECFBFB88503399B2BB8807339AB217
:1016E000374B0193002300931F23314802F0DEFBA8
:1016F000FB88143399B2BB8841339AB2314B0193C2
:10170000002300931F232A4802F0D0FBFB884E33AE
:1017100099B2BB8841339AB22B4B019300230093BB
:101720001F23234802F0C2FBFB883C3399B2FB889D
:101730003C3398B2BB8878339BB2BA8805240294B4
:101740000024019400930346194802F03FFBBB8834
:101750003C339AB2FB88783398B2BB883C339BB257
:10176000F98805240294002401940093034610484C
:1017700002F02CFB4FF0A0510D4802F003FB0E4984
:101780000B4802F0FFFAFB881E3B99B2BB888233FC
:101790009AB20E4B0193002300931F23044802F0DA
:1017A00085FB00BF0C37BD4690BD00BF0100001493
:1017B0003808002002000003FF000004D0FC0008ED
:1017C000D4FC0008D8FC0008DCFC0008E0FC0008A1
:1017D00090B587B004AF03460A46FB801346BB8032
:1017E0002D492E4802F0CEFA2D492C4802F0CAFAB3
:1017F000BA88F988052301930023009378232748AA
:1018000001F0E6FDFB880A3B99B2BB88463B9AB2E1
:10181000FB880A3398B2BB88463B9BB205240294EE
:1018200000240194009303461C4802F0CFFABB88C1
:101830002D3B9BB2F888BA88F988052402940024CD
:10184000019400930346154802F0C0FABA88F9885B
:1018500005230193002300930A23104801F0B8FDEB
:101860004FF0A0510D4802F08DFA0E490B4802F0DE
:1018700089FAFB885F3B99B2BB8846339AB20A4B20
:101880000193002300931F23044802F00FFB00BFC5
:101890000C37BD4690BD00BF010000143808002081
:1018A000030000030000FF04ECFC000890B587B0C3
:1018B00004AF03460A46FB801346BB8038493948CB
:1018C00002F060FA3849374802F05CFABA88F988C1
:1018D00005230193002300936423324801F078FD2F
:1018E000FB88193B99B2BB8832339AB20523039324
:1018F00000230293052301931E23009332232948DA
:1019000001F06EFEFB88053B99B2BB8855339AB255
:10191000FB88053398B2BB8855339BB205240294EB
:1019200000240194009303461E4802F04FFABB883E
:101930000F339AB2BB8832339BB2F888F9880524FA
:1019400002940024019400930346164802F03EFAE4
:10195000BB880F339AB2F9880523019300230093C3
:101960000523104801F034FD4FF0A0510D4802F05E
:1019700009FA0E490B4802F005FAFB88A03B99B220
:10198000BB8855339AB20A4B0193002300931F235F
:10199000044802F08BFA00BF0C37BD4690BD00BF73
:1019A00001000014380800200400000300FF0004B8
:1019B000F8FC00080000000080B582B000AF78603D
:1019C00039607B681B88B42B1CD13B681B88184688
:1019D000FEF768FD68A3D3E90023FEF7CDFD0246BC
:1019E0000B46104619464FF000025F4BFEF70EFC07
:1019F00002460B4610461946FFF796F803469AB280
:101A00007B68DA807B685B88EF2B03D87B681B8957
:101A1000782B1DD13B681B881846FEF743FD4AA36F
:101A2000D3E90023FEF7A8FD02460B464FF0000065
:101A30004E49FEF7E9FB02460B4610461946FFF7F2
:101A400073F803469AB27B685A807B6878221A81C1
:101A50007B685B88F02B28D83B681B881846FEF70C
:101A600021FD4FF00002424BFEF7CEFB02460B4633
:101A70001046194636A3D3E90023FEF77DFD024642
:101A80000B46104619464FF000023A4BFEF7BEFBDC
:101A900002460B4610461946FFF746F803469AB22F
:101AA0007B681A817B68F0225A807B689B88EF2BC9
:101AB0001AD93B681B881846FEF7F4FC26A3D3E925
:101AC0000023FEF759FD02460B4625A1D1E900018E
:101AD000FEF79AFB02460B4610461946FFF724F81C
:101AE00003469AB27B689A807B681A887B68DB8899
:101AF00019461046FFF7BEFD7B681B89B3F5887F4A
:101B000010D87B685B88EF2B0CD97B689B88B3F57A
:101B1000F07F07D37B685A887B681B89194610467B
:101B2000FFF756FE3B681B8844F61F62934207D9B5
:101B30007B689A887B685B8919461046FFF7B6FE7A
:101B400000BF0837BD4680BD1E001E001E008E3F30
:101B5000159014901490843F1C701C701C708C3F66
:101B60000000000000F891400080514000A0894032
:101B7000E0FFDF400000544015A014A014A0843FF3
:101B800080B586B004AF78601E491F4801F09AF80E
:101B900002467B685A607B685B68DBB2082B05D124
:101BA0007B685B681B0C9AB27B681A8017491648E1
:101BB00002F0E8F81649144802F0E4F81549124812
:101BC00002F0E0F87B681B884FF6FF7203920293E5
:101BD000002301930C2300934FF4AA731B22462188
:101BE000094802F0AFFB082301930C2300934FF444
:101BF000AA731B224621044802F048FC00BF0837A4
:101C0000BD4680BD0090100038080020010000147F
:101C1000080000030000FF0480B584B000AFF86046
:101C2000B9607A6019491A4800F0DCFF0346022BBC
:101C300007D1FB6801221A70FB68B968184600F0EA
:101C40002BF81249124800F0CDFF0346032B07D1B1
:101C5000FB6801221A7007F10C03184600F0F4FA31
:101C60000A490B4800F0BEFF0346042B09D1FB686C
:101C700001221A703A1D07F10C030649184600F0BC
:101C8000ABFC00BF1037BD4680BD00BF182510005B
:101C9000380800209408002080B590B008AF786024
:101CA00039600023BB770023FB7707F11403002280
:101CB0001A605A601A8107F1080300221A605A60FC
:101CC0001A8119E1914801F061FA4FF0D8518F481B
:101CD00002F058F88E498D4802F054F87E2306939E
:101CE0007E23059300230493FF2303930023029391
:101CF000002301934FF4887300934FF4F073002294
:101D00000021824802F04EFA042303930023029339
:101D1000052301936E2300934FF4E6730A220A21F0
:101D20007A4801F05DFC7B49784802F02BF87A494B
:101D3000764802F027F87949744802F023F8784B86
:101D4000039300230293142301931423009332235B
:101D5000142214216D4802F009F94FF0A0516B488C
:101D600002F010F86F4B03930023029314230193A6
:101D70002B2300934FF4C87380220521634802F09F
:101D800079FA694B039300230293142301932B23C5
:101D900000934FF4C873AE2205215C4802F06AFA42
:101DA000624B039300230293142301932B2300938C
:101DB0004FF4C873DC220521544802F05BFA554900
:101DC000524801F0DFFF5A49504801F0DBFF534908
:101DD0004E4801F0D7FF574B03930023029314237F
:101DE00001932B2300934423802240F2971147480C
:101DF00002F0BCF84FF0A051444801F0C3FF454940
:101E0000424801F0BFFF4C49404801F0BBFF4B4B3B
:101E1000039300230293142301932B230093442361
:101E2000AE2240F29711394802F0A0F84FF0A051CD
:101E3000364801F0A7FF3749344801F0A3FF404975
:101E4000324801F09FFF3F4B03930023029314237A
:101E500001932B2300934423DC2240F297112B485B
:101E600002F084F84FF0A051284801F08BFF36496A
:101E7000264800F0B7FE0346BB77BB7F052B10D189
:101E80007B6800221A7007F114030A220021184609
:101E900006F01AFB07F108030A220021184606F093
:101EA00013FBBB7F002B12D0BA7FFB7F9A420ED070
:101EB00007F1080207F11401B87F3B6802937B68C1
:101EC00001930A23009313460A2200F03FF86FF0B3
:101ED0007B410E4801F056FF07F1080301930023F0
:101EE00000931E232D221E21084801F0DFFFBB7F37
:101EF000FB77064801F062F97B681B78002B7FF4C2
:101F0000E1AE00BF00BF2037BD4680BD38080020CD
:101F10001081071C01000014050000033E332F044C
:101F20000CFD000810FD000818FD000820FD000849
:101F30004300000328FD0008880000032CFD000872
:101F40002E00000330FD00081825100080B58CB06D
:101F500004AFB9607A603B600346FB73FB7B2F2BB9
:101F600002D9FB7B392B02D9FB7B2E2B40D1B868E1
:101F7000FFF766F802467B68013B9A4218D2FB7B6A
:101F80002E2B06D12E21B86806F0ECFA0346002B62
:101F90000ED1B868FFF754F83861BA683B6913444A
:101FA000FA7B1A703B690133BA68134400221A7035
:101FB000FB6A5B78002B14D03B6B1B681846FEF75E
:101FC00083FA02460B46396B097A0846B9680391D1
:101FD0000290CDE90023974AB96A386806F0E4F91F
:101FE00024E1BB68944AB96A386806F0DDF91DE15E
:101FF000FB7B2B2B08D0FB7B2D2B05D0FB7B782B81
:1020000002D0FB7B2F2B33D1FB6A5B7883F001037B
:10201000DBB2002B00F00981BB681B78002B00F0BD
:102020000481B86805F00EF853EC102B10461946E1
:10203000FEF79AFD02463B6B1A603B6BFA7B1A7205
:10204000FB6A01225A70BB6800221A703B6B1B6846
:102050001846FEF739FA02460B46396B097A0291A7
:10206000CDE90023754AB96A386806F09DF9DCE0CD
:10207000FB7B3D2B40F08E80FB6A5B78002B00F0F1
:10208000D580BB681B78002B00F0D080B86804F0C6
:10209000D9FF53EC102B10461946FEF765FD02469A
:1020A0003B6B5A604FF00003FB610023FB763B6BF8
:1020B0001B7A782B20D0782B3FDC2F2B27D02F2B8F
:1020C0003BDC2B2B02D02D2B0BD036E03B6B93ED62
:1020D000007A3B6BD3ED017A77EE277AC7ED077A6A
:1020E0002BE03B6B93ED007A3B6BD3ED017A77EEFF
:1020F000677AC7ED077A20E03B6B93ED007A3B6B84
:10210000D3ED017A67EE277AC7ED077A15E03B6BCE
:10211000D3ED017AF5EE407AF1EE10FA0AD03B6B7E
:10212000D3ED006A3B6B93ED017AC6EE877AC7ED7B
:10213000077A01E00123FB7600BFFB7E002B0AD06B
:102140003F4A7968B86806F02FF93D4AB96A38689D
:1021500006F02AF917E0F869FEF7B6F902460B46D1
:10216000CDE90023374A7968B86806F01DF9F869A7
:10217000FEF7AAF902460B46CDE90023314AB96AB7
:10218000386806F011F9FB6A00225A70FB6A0122D6
:102190009A704BE0FB7B432B17D13B6B4FF0000257
:1021A0005A603B6B5A683B6B1A603B6B00221A7299
:1021B000FB6A00225A70FB6A00229A70BB680022F8
:1021C0001A703B6800221A7030E0FB7B882B2DD1FF
:1021D000B868FEF735FF78617B69002B26D07B69F4
:1021E000013BBA68134400221A70FB6A5B78002B2B
:1021F00014D03B6B1B681846FEF766F902460B4687
:10220000396B097A0846B96803910290CDE9002339
:10221000084AB96A386806F0C7F807E0BB68064A9A
:10222000B96A386806F0C0F800E000BF00BF203788
:10223000BD4680BD34FD00083CFD000840FD00089F
:1022400048FD00084CFD000880B58AB008AF7860F2
:102250000B4B00229A700A4B00225A70084B002246
:102260001A70074B00225A71054B0022DA70044B9A
:1022700000221A714FF47A7000F094FB9BE100BFCA
:1022800088080020B04800F081FF4FF0D851AE48D8
:1022900001F078FDAD49AC4801F074FD962306933A
:1022A00096230593962304933223039332230293B8
:1022B000322301934FF4887300934FF4F07300229C
:1022C0000021A14801F06EFFA14B1B7A1A46A04BDA
:1022D0009B781946002304930391002302930192F3
:1022E0004FF480430093462379225A21964801F007
:1022F000A5FE974B1B7A1A46954B5B78194600232F
:10230000049303910023029301924FF480430093BE
:1023100046237922F0218C4801F090FE8C4B1B7AE9
:102320001A468B4B1B781946002304930391002314
:10233000029301924FF480430093462379224FF495
:10234000C371814801F07AFE82497F4801F01AFD8D
:1023500081497D4801F016FD804B039300230293D1
:10236000142301931423009332230A220A2176486E
:1023700001F0FCFD4FF0A051734801F003FD7549D9
:10238000714801F0FFFC76496F4801F0FBFC754B8A
:102390000393002302931E230193322300936423AB
:1023A000CD222821684801F0E1FD4FF0A051664898
:1023B00001F0E8FC6749644801F0E4FC6A496248BE
:1023C00001F0E0FC694B0393002302931E23019369
:1023D000322300936423CD22BE215B4801F0C6FD69
:1023E0004FF0A051584801F0CDFC5A49564801F031
:1023F000C9FC5F49544801F0C5FC5E4B03930023C0
:1024000002931E230193322300936423CD224FF4C1
:10241000AA714D4801F0AAFD4FF0A0514A4801F0C1
:10242000B1FC6FF07B41484801F0ACFC524B01938A
:10243000002300931A2384224B21434801F036FDE8
:102440004E4B0193002300931A238422D7213E4848
:1024500001F02CFD4A4B0193002300931A238422A0
:1024600040F26D11384801F021FD4649364800F030
:10247000B9FB0346052B0ED17B6800221A707B68DE
:102480000022DA70324B00221A72314B00229A710C
:102490002F4B0022DA713B492B4800F0A3FB034687
:1024A000092B21D17B68DB7883F00103DBB2002BA1
:1024B0000BD07B680122DA70254B00221A72244B64
:1024C0000022DA71224B00229A717B6801221A7174
:1024D0001F4B5A791E4B1A721D4B1A791C4BDA711D
:1024E0001B4BDA781A4B9A712649174800F07AFB91
:1024F00003460A2B0ED17B6800221A71144B1A78FE
:10250000134BDA70124B5A78114B1A71104B9A78A0
:102510000F4B5A711B490C4800F064FB03460B2B10
:1025200032D10B4B00229A70094B00225A70084B93
:1025300000221A70064B00221A72054B0022DA7133
:10254000034B00229A711FE0380800201081071CFD
:102550008808002001000014050000030CFD00089D
:102560000900000350FD00080A00000358FD0008A0
:102570000B00000360FD000868FD000870FD000806
:1025800078FD0008182510007B68DB78002B0FD041
:102590007B681B79002B0BD00C4B1A7A0B4B9A7073
:1025A0000A4BDA79094B5A70084B9A79074B1A7023
:1025B000074800F003FE7B681B78002B7FF462AEB7
:1025C00000BF00BF0837BD4680BD00BF880800209F
:1025D000380800200000000080B58EB008AFF86019
:1025E000B9607A6095E1B64800F0D0FD4FF0D8515F
:1025F000B34801F0C7FBB349B14801F0C3FB1E2348
:1026000006932523059327230493002303932F2365
:102610000293FF2301934FF4887300934FF4F073F8
:1026200000220021A64801F0BDFDA749A44801F001
:10263000A9FBA649A24801F0A5FBA54B03930023E3
:102640000293142301931423009332230A220A21B4
:102650009B4801F08BFC4FF0A051994801F092FB90
:102660009C49974800F0BEFA03461A46BB689A6038
:102670009549934801F086FB9749914801F082FB08
:10268000BB681B880193002300933223B4225A2194
:102690008B4801F0ADFE0623019301230093012333
:1026A000B4225A21864801F0F1FE8B49844801F09A
:1026B00069FB4FF0A051824801F064FB82498048D9
:1026C00001F060FB85497E4801F05CFBBB685B88DC
:1026D0000193002300933223B4224FF4C37178484E
:1026E00001F086FE07230193012300930123B42206
:1026F0004FF4C371724801F0C9FE7849704801F087
:1027000041FB4FF0A0516E4801F03CFBBB689B8839
:10271000642204920393042302930523019300236C
:1027200000933C236422AA21654801F0E1FCBB68C8
:102730009B8864220492039304230293052301934C
:10274000002300933C2364224FF49B715C4801F00A
:10275000CFFCBB689B68DBB2062B20D1BB681B8813
:10276000632B1CD9BB681B884FF6DC72934216D8CA
:10277000BB689B681B0C9AB2BB681A80BB681B883D
:102780004FF6DC72934203D9BB684FF6DC721A80B5
:10279000BB681B88632B02D8BB6864221A80BB68A5
:1027A0009B68DBB2072B05D1BB689B681B0C9AB2F8
:1027B000BB685A80BB681B8807EE903AB8EE677A10
:1027C000DFED476AC7EE267A9FED467A67EE877A95
:1027D000FCEEE77AC7ED007A3B78FB75FB7D0B2BAF
:1027E00001D80C23FB75FB7D1A463F49344800F0A5
:1027F0004EF9FB7D07EE903AB8EE677ADFED396A65
:10280000C7EE267A9FED397A67EE877AFCEEE77A93
:1028100017EE903A9AB2BB689A80BB685B8807EE65
:10282000903AF8EE677A17EE900AFDF74DFE20A376
:10283000D3E90023FDF7CAFF02460B4610461946AE
:102840001DA3D3E90023FDF797FE02460B46104671
:102850001946FEF769F90346DAB27B689A717B681C
:102860009B79192B02D87B681A229A717B689B7915
:1028700007EE903AF8EE677A17EE900AFDF724FE1D
:102880000DA3D3E90023FDF7A1FF02460B46104636
:1028900019464FF00002164BFDF76EFE02460B463E
:1028A00010461946FEF740F90346DBB21A4621E00E
:1028B00000000000E0FFEF400000000000E06F407B
:1028C000380800201081071C0100001405000003D7
:1028D0000CFD000800901000060000030700000334
:1028E00000FF7F4700000043C42410000000C842DE
:1028F00000005940BB68DA800B490C4800F072F9BF
:102900000346052B02D1FB6800221A70074800F02D
:1029100055FCFB681B78002B7FF465AE00BF00BF41
:102920001837BD4680BD00BF1825100038080020AC
:1029300080B483B000AF78607B6803F01F02074962
:102940007B685B09012000FA02F241F8232000BFF6
:102950000C37BD465DF8047B704700BF00E100E026
:1029600080B483B000AF786039607B68002B08DBEF
:102970003B68DAB206497B685201D2B20B4483F855
:10298000002300BF0C37BD465DF8047B704700BFD5
:1029900000E100E080B400AF00BFBD465DF8047BFD
:1029A0007047000080B584B000AF7860164B1B689C
:1029B000154A43F01003136040F21B23FB60134AD7
:1029C0007B68B2FBF3F3013BBB60FB689AB2104B30
:1029D0009A62BB689AB20E4BDA620D4BDB680C4A06
:1029E00043F00103D36002213620FFF7B9FF362000
:1029F000FFF79EFF064B1B68054A43F00103136077
:102A000000BF1037BD4680BD40380240A08601009F
:102A10000010004080B500AF074B1B6903F00103B5
:102A2000002B07D0044B1B69034A23F001031361F9
:102A3000FFF7B0FF00BF80BD00100040DFF834D0CA
:102A40000D480E490E4A002302E0D458C450043306
:102A5000C4188C42F9D30B4A0B4C002301E01360DD
:102A60000432A242FBD301F003FE05F07FFEFEF725
:102A7000C7FB70470000052000000020F807002079
:102A800018080108F80700202C0C0020FEE780B58C
:102A900084B000AFF860B9601346FB71FB681C336B
:102AA0001B68002B09D0FB681C339B881946FB6808
:102AB0001C331B681A460B049361B968F86800F070
:102AC000D5FBFB791946F86800F08EFBFB681C33D8
:102AD0001B68002B06D0FB681C339A88FB681C33EC
:102AE0001B689A6100BF1037BD4680BD80B584B0B9
:102AF00000AFF860B9601346FB80FB681C331B68AD
:102B0000002B09D0FB681C339B881946FB681C33DB
:102B10001B681A460B049361B968F86800F0A6FBBD
:102B2000FB88DBB21946F86800F05EFBFB881B0AE5
:102B30009BB2DBB21946F86800F056FBFB681C3309
:102B40001B68002B06D0FB681C339A88FB681C337B
:102B50001B689A6100BF1037BD4680BD80B584B048
:102B600000AFF860B9607A60FB681C331B68002B0B
:102B700009D0FB681C339B881946FB681C331B6813
:102B80001A460B049361B968F86800F06FFB7B6824
:102B9000DBB21946F86800F027FB7B681B0ADBB242
:102BA0001946F86800F020FB7B681B0CDBB2194665
:102BB000F86800F019FB7B681B0EDBB21946F86859
:102BC00000F012FBFB681C331B68002B06D0FB686F
:102BD0001C339A88FB681C331B689A6100BF10374E
:102BE000BD4680BD80B584B000AF786039607B6839
:102BF0001C331B68002B09D07B681C339B8819464B
:102C00007B681C331B681A460B049361396878682B
:102C100000F04CFB0021786800F0E6FA7B6807F1D1
:102C20000C010122184603F0D3F87B681C331B68A3
:102C3000002B06D07B681C339A887B681C331B688A
:102C40009A613B7B18461037BD4680BD80B584B085
:102C500000AF786039607B681C331B68002B09D09B
:102C60007B681C339B8819467B681C331B681A469B
:102C70000B0493613968786800F018FB00217868CC
:102C800000F0B2FA7B6807F10C010222184603F04B
:102C90009FF87B681C331B68002B06D07B681C33B5
:102CA0009A887B681C331B689A617B7B1BB21B0272
:102CB0001AB23B7B1BB213431BB29BB218461037B0
:102CC000BD4680BD80B584B000AF786039607B6858
:102CD0001C331B68002B09D07B681C339B8819466A
:102CE0007B681C331B681A460B049361396878684B
:102CF00000F0DCFA0021786800F076FA7B6807F1D2
:102D00000C010422184603F063F87B681C331B682F
:102D1000002B06D07B681C339A887B681C331B68A9
:102D20009A61FB7B1A06BB7B1B041A437B7B1B024D
:102D300013433A7B134318461037BD4680BD00004D
:102D400080B582B000AF78607B680C33184602F023
:102D500073FF7B685A887B68DA817B689A887B6816
:102D60001A827B68DA887B685A827B68094A5A61D2
:102D70007B6800221A767B6800221A737B684FF406
:102D800088729A837B684FF4F072DA8300BF083749
:102D9000BD4680BD20AA440080B582B000AF7860F7
:102DA00039600021786800F02FFA4421786800F03B
:102DB0002BFA6221786800F027FA4FF4097239493A
:102DC0007868FFF793FE2B2237497868FFF78EFE6D
:102DD000002236497868FFF789FE2922344978684D
:102DE000FFF784FE4FF4927232497868FFF77EFE57
:102DF0000C2231497868FFF779FE00222F49786864
:102E0000FFF774FE0A222E497868FFF76FFE012251
:102E10002C497868FFF73BFE3B68DB8B1A462A4952
:102E20007868FFF763FE3B689B8B1A4627497868F2
:102E3000FFF75CFE002226497868FFF728FE6FF056
:102E40007D424FF480117868FFF788FE214A2249BD
:102E50007868FFF783FE002220497868FFF77EFE3E
:102E600002221F497868FFF712FE80221D49786808
:102E7000FFF70DFE80221C497868FFF708FEFA2252
:102E80001A497868FFF732FE802219497868FFF7FF
:102E9000FEFD052217497868FFF7F9FD00BF0837E6
:102EA000BD4680BD282410002C24100034241000BE
:102EB000382410003C241000402410004824100046
:102EC0004C2410006824100030241000442410000A
:102ED0006424100007000026040010000800100001
:102EE000502410008C24100090241000C0241000E6
:102EF000C42410006C24100080B483B000AF78604C
:102F000039603B6805221A7000BF0C37BD465DF87A
:102F1000047B704780B483B000AF78607B6893F81F
:102F20002C3018460C37BD465DF8047B704780B4E2
:102F300083B000AF786039603B6801229A773A68C5
:102F40007B682E33196811609B88938000BF0C3713
:102F5000BD465DF8047B704780B584B000AFF86073
:102F6000B9607A60FB6803F11C02BB681B881946D4
:102F7000104602F0EDFDFB6803F12402BB681B89DB
:102F80001946104602F0E4FDFA68BB680C33194696
:102F9000104602F075FEFA68BB685B691946104678
:102FA00002F084FEFB6824331B68002B09D0FB6809
:102FB00024339B881946FB6824331B681A460B048C
:102FC0009361142001F0A4FBFB6824331B68002BE1
:102FD00006D0FB6824339A88FB6824331B689A6107
:102FE000142001F095FBB968F868FFF7D5FE0121C0
:102FF000F86800F019F87B68074A1A607B68074A8E
:103000005A607B68064A9A607B68064ADA6000BFAD
:103010001037BD4680BD00BF152F00082F2F0008B8
:10302000F92E0008D130000880B584B002AF786076
:103030000B46FB70002221497868FFF728FD0A2023
:1030400001F066FBFB78002B2ED06FF0FF01786853
:1030500000F098FE4FF00071786800F093FE184978
:10306000786800F08FFE174B0193002300931B2319
:1030700078225021786800F019FF6FF0EA01786833
:1030800000F080FE6FF0FE01786800F07BFE0E4BD2
:103090001B881A460D497868FFF728FD786800F00C
:1030A00051F8642001F034FB032204497868FFF7EB
:1030B000EEFC00BF0837BD4680BD00BF04211000F4
:1030C0000700002680FD0008A0080020E82410006A
:1030D00080B584B000AF7860786800F007F80346E8
:1030E000FB73FB7B18461037BD4680BD80B584B0AE
:1030F00000AF786012497868FFF7E4FDF860FB687C
:10310000B3F1802F0DD0FB681B0C9AB27B68DA8577
:10311000FB689AB27B681A867B68042283F82C20AD
:1031200009E07B680022DA857B6800221A867B68CA
:10313000032283F82C20002318461037BD4680BD9B
:103140001025100080B584B000AF78600D49786814
:10315000FFF77CFD0346FB810B497868FFF776FD9E
:103160000346BB8100BF07497868FFF76FFD034640
:103170001A46BB899342F6D100BF00BF1037BD4647
:1031800080BD00BFE4241000E824100080B582B0A8
:1031900000AF78606FF0FF01786800F0F3FD6FF02A
:1031A0007D41786800F0EEFD0349786800F0EAFDA3
:1031B00000BF0837BD4680BD0700002680B582B03D
:1031C00000AF78600021786800F0DCFD6FF0FE0150
:1031D000786800F0D7FD034B00221A8000BF083743
:1031E000BD4680BDA008002080B582B000AF7860E9
:1031F0000B46FB707B68F91C0122184602F094FD17
:1032000000BF0837BD4680BD80B582B000AF786092
:103210000B46FB707B681C331B68002B09D07B6856
:103220001C339B8819467B681C331B681A460B04A9
:103230009361FB7819467868FFF7D6FF002178681C
:10324000FFF7D2FF00217868FFF7CEFF7B681C33C1
:103250001B68002B06D07B681C339A887B681C3364
:103260001B689A6100BF0837BD4680BD80B582B03B
:1032700000AF786039603B681B0CDBB263F07F0302
:10328000DBB219467868FFF7AFFF3B681B0ADBB279
:1032900019467868FFF7A8FF3B68DBB219467868E3
:1032A000FFF7A2FF00BF0837BD4680BD80B582B0E2
:1032B00000AF786039603B681B0CDBB21946786858
:1032C000FFF792FF3B681B0ADBB219467868FFF7ED
:1032D0008BFF3B68DBB219467868FFF785FF00BFBC
:1032E0000837BD4680BD000080B584B000AF0346FE
:1032F0003960FB8032493868FDF792FC0346002BA9
:1033000016D1FB88DB0A9BB203F01F031846FDF7BA
:10331000B9F827A3D3E90023FDF72EF902460B469F
:1033200010461946FDF700FC03467B737B7B39E0B2
:1033300024493868FDF774FC0346002B16D1FB883E
:103340005B099BB203F03F031846FDF79BF81AA3F5
:10335000D3E90023FDF710F902460B461046194643
:10336000FDF7E2FB0346BB73BB7B1BE016493868E5
:10337000FDF756FC0346002B14D1FB8803F01F0316
:103380001846FDF77FF80AA3D3E90023FDF7F4F808
:1033900002460B4610461946FDF7C6FB0346FB7373
:1033A000FB7BFFE718461037BD4680BDAFF30080BA
:1033B00074CE39E79C7320400CC3300CC3301040EE
:1033C0009CFD0008A0FD0008A8FD0008000000000A
:1033D0002DE9B0438AB000AFF860084611461A469E
:1033E00003467B810B463B811346FB80FB881846D6
:1033F000FDF758F84FF000024FF08043FDF7E6F973
:1034000002460B4610461946FDF7AEFB03463B62EB
:10341000B7F840306C491846FFF766FF03461C04B6
:10342000B7F8403069491846FFF75EFF03461B02B4
:103430001C43B7F8403066491846FFF755FF03466E
:10344000234343F080631946F86800F09BFCB7F80B
:1034500044301B0103F47F6343F060631946F8684E
:1034600000F090FC5B49F86800F08CFC6423FB835F
:103470000023FB8493E0FB8C1846FDF713F850A360
:10348000D3E90023FDF778F802460B4614461D46A3
:10349000FB8B1846FDF706F802460B4620462946E8
:1034A000FDF794F902460B4610461946FDF75CFB02
:1034B0000346BB617B891846FCF7F4FF04460D46C2
:1034C000386AFDF701F880468946B869FCF7FCFFC9
:1034D00002460B4643EC102B01F042F953EC102B43
:1034E00040464946FDF748F802460B462046294625
:1034F000FCF78CFE02460B4610461946FDF734FBDE
:1035000003467B613B891846FCF7CCFF04460D4619
:10351000386AFCF7D9FF80468946B869FCF7D4FFC2
:1035200002460B4643EC102B01F05EF953EC102BD6
:1035300040464946FDF720F802460B4620462946FC
:10354000FCF764FE02460B4610461946FDF70CFBDD
:1035500003463B61D7ED057AB3EE007A67EE877AD2
:10356000FCEEE77A17EE903A9BB2DA031A4B13405F
:10357000D7ED047AB3EE007A67EE877AFCEEE77A4D
:1035800017EE902A92B2C2F30E02134343F0804327
:103590001946F86800F0F6FBFB8C0133FB84FA8CCB
:1035A000FB8B9A427FF667AF4FF00451F86800F04A
:1035B000E9FB00BF2837BD46BDE8B083AFF300800C
:1035C0006E861BF0F92119409CFD0008A0FD000843
:1035D000A8FD00080400001F0080FF3F000000005D
:1035E0002DE9B0438CB000AFF860084611461A468A
:1035F00003467B810B463B811346FB80B7F8503076
:103600008A491846FFF770FE034687F82E30B7F850
:10361000503087491846FFF767FE034687F82D307C
:10362000B7F8503083491846FFF75EFE034687F827
:103630002C307A89FB8813447B853A89B7F8483067
:1036400013443B850A2387F82730B7F84C305B00DA
:10365000A7F84C30FB885B089BB2B7F84C209A4225
:1036600003D9FB885B08A7F84C30B7F848305B08F3
:103670009BB2B7F84C209A4204D9B7F848305B089F
:10368000A7F84C3097F82E301A0497F82D301B020B
:103690001A4397F82C30134343F080631946F868B7
:1036A00000F070FB97F854301B0103F47F6343F084
:1036B00060631946F86800F065FB5F49F86800F040
:1036C00061FB7A89B7F84C3013441B01DB035B4A7A
:1036D0001A403B891B01194647F6F0730B40134310
:1036E00043F080431946F86800F04CFB7A8DB7F838
:1036F0004C30D31A1B01DB03504A1A403B891B0193
:10370000194647F6F0730B40134343F080431946C4
:10371000F86800F037FB7A89B7F84C3013441B0186
:10372000DB03464A1A403B8D1B01194647F6F073EE
:103730000B40134343F080431946F86800F022FB26
:103740007A8DB7F84C30D31A1B01DB033B4A1A4081
:103750003B8D1B01194647F6F0730B40134343F0B2
:1037600080431946F86800F00DFB7B891B01DB03E1
:10377000324A1A403989B7F84C300B441B011946BC
:1037800047F6F0730B40134343F080431946F86843
:1037900000F0F8FA7B891B01DB03284A1A40398DB7
:1037A000B7F84C30CB1A1B01194647F6F0730B40A3
:1037B000134343F080431946F86800F0E3FA7B8D29
:1037C0001B01DB031D4A1A403989B7F84C300B4402
:1037D0001B01194647F6F0730B40134343F0804337
:1037E0001946F86800F0CEFA7B8D1B01DB03134A03
:1037F0001A40398DB7F84C30CB1A1B01194647F6E1
:10380000F0730B40134343F080431946F86800F00F
:10381000B9FA4FF00451F86800F0B4FA0849F868B2
:1038200000F0B0FA002387F82F309BE09CFD0008E1
:10383000A0FD0008A8FD00080300001F0000F83FDD
:103840000400001F97F82F3007EE903AB8EEE77AA1
:1038500097F8273007EE903AF8EE677AC7EE276AB6
:1038600016EE900AFCF730FEEDA3D3E90023FCF737
:1038700083FE02460B4610461946FDF775F90346CE
:103880003B627A89B7F84C3013441846FCF70AFEBD
:1038900004460D46B7F84C301846FCF703FE804648
:1038A0008946386AFCF710FE02460B4643EC102BA3
:1038B00000F056FF53EC102B40464946FCF75CFEE7
:1038C00002460B4620462946FCF79EFC02460B4664
:1038D00010461946FDF728F903467B823A89B7F866
:1038E0004C3013441846FCF7DDFD04460D46B7F88E
:1038F0004C301846FCF7D6FD80468946386AFCF7FE
:10390000E3FD02460B4643EC102B00F06DFF53EC39
:10391000102B40464946FCF72FFE02460B46204638
:103920002946FCF771FC02460B4610461946FDF786
:10393000FBF803463B827B8A1B01DB03BA4A1A4031
:103940003B8A1B01194647F6F0730B40134343F0C3
:1039500080431946F86800F015FA97F82F300133C4
:1039600087F82F3097F82F2097F827309A427FF664
:1039700069AF4FF00451F86800F004FAAB49F868F9
:1039800000F000FA002387F82F308FE097F82F30EF
:1039900007EE903AB8EEE77A97F8273007EE903ABC
:1039A000F8EE677AC7EE276A16EE900AFCF78CFDF0
:1039B0009BA3D3E90023FCF7DFFD02460B4610462C
:1039C0001946FDF7D1F803463B627A8DB7F84C30C3
:1039D000D31A1846FCF766FD04460D46B7F84C307E
:1039E0001846FCF75FFD80468946386AFCF76CFD97
:1039F00002460B4643EC102B00F0F6FE53EC102B66
:103A000040464946FCF7B8FD02460B46204629468B
:103A1000FCF7FCFB02460B4610461946FDF784F8FE
:103A20000346FB823A89B7F84C3013441846FCF73A
:103A300039FD04460D46B7F84C301846FCF732FD08
:103A400080468946386AFCF73FFD02460B4643EC48
:103A5000102B00F085FE53EC102B40464946FCF736
:103A60008BFD02460B4620462946FCF7CDFB02465D
:103A70000B4610461946FDF757F80346BB82FB8AF2
:103A80001B01DB03684A1A40BB8A1B01194647F633
:103A9000F0730B40134343F080431946F86800F07D
:103AA00071F997F82F30013387F82F3097F82F20CE
:103AB00097F827309A427FF669AF4FF00451F868C3
:103AC00000F060F95949F86800F05CF9002387F8C4
:103AD0002F308FE097F82F3007EE903AB8EEE77A64
:103AE00097F8273007EE903AF8EE677AC7EE276A24
:103AF00016EE900AFCF7E8FC49A3D3E90023FCF793
:103B00003BFD02460B4610461946FDF72DF80346CD
:103B10003B627A8DB7F84C30D31A1846FCF7C2FCDA
:103B200004460D46B7F84C301846FCF7BBFC8046FF
:103B30008946386AFCF7C8FC02460B4643EC102B5A
:103B400000F00EFE53EC102B40464946FCF714FDE6
:103B500002460B4620462946FCF758FB02460B4618
:103B600010461946FCF7E0FF03467B833A8DB7F811
:103B70004C30D31A1846FCF795FC04460D46B7F8AE
:103B80004C301846FCF78EFC80468946386AFCF7B4
:103B90009BFC02460B4643EC102B00F025FE53EC39
:103BA000102B40464946FCF7E7FC02460B462046F0
:103BB0002946FCF72BFB02460B4610461946FCF73C
:103BC000B3FF03463B837B8B1B01DB03164A1A4082
:103BD0003B8B1B01194647F6F0730B40134343F030
:103BE00080431946F86800F0CDF897F82F3001337C
:103BF00087F82F3097F82F2097F827309A427FF6D2
:103C000069AF4FF00451F86800F0BCF80749F86854
:103C100000F0B8F8002387F82F3099E0AFF3008068
:103C20006E861BF0F921F93F0000F83F0400001FE9
:103C300097F82F3007EE903AB8EEE77A97F82730EA
:103C400007EE903AF8EE677AC7EE276A16EE900A0A
:103C5000FCF73AFC49A3D3E90023FCF78DFC0246AC
:103C60000B4610461946FCF77FFF03463B627A89F4
:103C7000B7F84C3013441846FCF714FC04460D46C4
:103C8000B7F84C301846FCF70DFC80468946386A78
:103C9000FCF71AFC02460B4643EC102B00F0A4FD87
:103CA00053EC102B40464946FCF766FC02460B4697
:103CB00020462946FCF7A8FA02460B46104619464C
:103CC000FCF732FF0346FB833A8DB7F84C30D31A2A
:103CD0001846FCF7E7FB04460D46B7F84C3018468B
:103CE000FCF7E0FB80468946386AFCF7EDFB0246AC
:103CF0000B4643EC102B00F033FD53EC102B4046E9
:103D00004946FCF739FC02460B4620462946FCF79B
:103D10007DFA02460B4610461946FCF705FF03469E
:103D2000BB83FB8B1B01DB03134A1A40BB8B1B01BC
:103D3000194647F6F0730B40134343F0804319468E
:103D4000F86800F01FF897F82F30013387F82F300C
:103D500097F82F2097F827309A427FF669AF4FF0F7
:103D60000451F86800F00EF800BF3037BD46BDE8DA
:103D7000B08300BFAFF300800000F83F6E861BF0F9
:103D8000F921F93F80B582B000AF786039600D4B02
:103D90001B8803F584133A6819467868FEF7DEFE3F
:103DA000084B1B8804339AB2064B1A80054B1B88BC
:103DB0001A4605497868FEF799FE00BF0837BD46E8
:103DC00080BD00BFA0080020E824100090B585B099
:103DD00000AFF860084611461A4603467B810B4641
:103DE0003B811346FB802C49F868FFF7CBFF97F81F
:103DF00028301B0103F47F6343F060631946F868C1
:103E0000FFF7C0FFBB8C25491846FFF76DFA034644
:103E10001C04BB8C22491846FFF766FA03461B02B6
:103E20001C43BB8C1F491846FFF75EFA0346234329
:103E300043F080631946F868FFF7A4FF7B891B01F4
:103E4000DB03194A1A403B891B01194647F6F073F8
:103E50000B40134343F080431946F868FFF792FF85
:103E6000FB881B01DB03104A1A403B8C1B011946DF
:103E700047F6F0730B40134343F080431946F8684C
:103E8000FFF780FF4FF00451F868FFF77BFF00BF9A
:103E90001437BD4690BD00BF0300001FB0FD0008F1
:103EA000B4FD0008BCFD00080000F83F80B584B0F8
:103EB00000AFF860084611461A4603467B810B4660
:103EC0003B811346FB806FF0F301F868FFF75AFF60
:103ED0003B891A047B8913431946F868FFF752FFA0
:103EE0003B8B1A04FB8813431946F868FFF74AFF17
:103EF00011E01C4B1B8803F58411FB695A1CFA6105
:103F00001B781A46F868FEF7C2FD164B1B88013372
:103F10009AB2144B1A80FB691B78002BE9D1114B24
:103F20001B8803F5841300221946F868FEF7AFFDDD
:103F30000C4B1B8801339AB20A4B1A80094B1B8821
:103F400003339BB223F003039AB2064B1A80054B4E
:103F50001B881A460449F868FEF7C8FD00BF1037F1
:103F6000BD4680BDA0080020E824100080B584B0C4
:103F700000AFF860084611461A4603467B810B469F
:103F80003B811346FB806FF0F201F868FFF7FAFE01
:103F90003B891A047B8913431946F868FFF7F2FE40
:103FA0003B8B1A04FB8813431946F868FFF7EAFEB7
:103FB0003B8C1A04BB8B13431946F868FFF7E2FEEB
:103FC00011E01C4B1B8803F584117B6A5A1C7A6232
:103FD0001B781A46F868FEF75AFD164B1B8801330A
:103FE0009AB2144B1A807B6A1B78002BE9D1114BD3
:103FF0001B8803F5841300221946F868FEF747FD75
:104000000C4B1B8801339AB20A4B1A80094B1B8850
:1040100003339BB223F003039AB2064B1A80054B7D
:104020001B881A460449F868FEF760FD00BF103788
:10403000BD4680BDA0080020E824100080B584B0F3
:1040400000AFF860084611461A4603467B810B46CE
:104050003B811346FB806FF0EB01F868FFF792FE9F
:104060003B891A047B8913431946F868FFF78AFED7
:104070003B8B1A04FB8813431946F868FFF782FE4E
:104080003B8C1A04BB8B13431946F868FFF77AFE82
:104090003B8D1A04BB8C13431946F868FFF772FE78
:1040A000114B1B8803F5841300221946F868FEF7AC
:1040B000EEFC0D4B1B8801339AB20B4B1A800A4B56
:1040C0001B8803339BB223F003039AB2064B1A807A
:1040D000054B1B881A460549F868FEF73FFD00BFEF
:1040E0001037BD4680BD00BFA0080020E8241000A6
:1040F00080B584B000AFF860084611461A46034602
:104100007B810B463B811346FB806FF0EC01F86826
:10411000FFF738FE3B891A047B8913431946F86878
:10412000FFF730FE3B8B1A04FB8813431946F868EF
:10413000FFF728FE3B8C1A04BB8B13431946F86823
:10414000FFF720FE3B8D1A04BB8C13431946F86819
:10415000FFF718FE114B1B8803F584130022194644
:10416000F868FEF794FC0D4B1B8801339AB20B4B99
:104170001A800A4B1B8803339BB223F003039AB2C5
:10418000064B1A80054B1B881A460549F868FEF74E
:10419000E5FC00BF1037BD4680BD00BFA008002071
:1041A000E824100080B584B000AFF86008461146DE
:1041B0001A4603467B810B463B811346FB806FF01A
:1041C000F401F868FFF7DEFD7B891A043B8913438D
:1041D0001946F868FFF7D6FD3B7F1A0497F82030A0
:1041E0001B021A4397F82430134343F080631946A7
:1041F000F868FFF7C7FDFB881A043B8B1343194689
:10420000F868FFF7BFFD97F828301A0497F82C30AC
:104210001B021A4397F83030134343F0806319466A
:10422000F868FFF7AFFD114B1B8803F584130022DC
:104230001946F868FEF72BFC0C4B1B8801339AB229
:104240000A4B1A80094B1B8803339BB223F00303EC
:104250009AB2064B1A80054B1B881A460449F86827
:10426000FEF744FC00BF1037BD4680BDA00800200B
:10427000E824100080B584B000AFF860084611460D
:104280001A4603467B810B463B811346FB806FF049
:10429000F101F868FFF776FD3B891A047B89134327
:1042A0001946F868FFF76EFD3B8B1A04FB88134331
:1042B0001946F868FFF766FD3B8C1A04BB8B134365
:1042C0001946F868FFF75EFD11E01C4B1B8803F5EB
:1042D00084117B6A5A1C7A621B781A46F868FEF7CA
:1042E000D6FB164B1B8801339AB2144B1A807B6A9B
:1042F0001B78002BE9D1114B1B8803F58413002296
:104300001946F868FEF7C3FB0C4B1B8801339AB2C1
:104310000A4B1A80094B1B8803339BB223F003031B
:104320009AB2064B1A80054B1B881A460449F86856
:10433000FEF7DCFB00BF1037BD4680BDA0080020A3
:10434000E824100080B584B000AFF860084611463C
:104350001A4603467B810B463B811346FB806FF078
:10436000EF01F868FFF70EFD3B891A047B891343C0
:104370001946F868FFF706FD3B8B1A04FB881343C8
:104380001946F868FFF7FEFC3B8C1A04BB8B1343FD
:104390001946F868FFF7F6FCBB8C1946F868FFF77A
:1043A000F1FC114B1B8803F5841300221946F868B1
:1043B000FEF76DFB0C4B1B8801339AB20A4B1A8037
:1043C000094B1B8803339BB223F003039AB2064BBD
:1043D0001A80054B1B881A460449F868FEF786FBCD
:1043E00000BF1037BD4680BDA0080020E8241000A3
:1043F00080B584B000AFF860084611461A460346FF
:104400007B810B463B811346FB806FF0D201F8683D
:10441000FFF7B8FC3B891A047B8913431946F868F7
:10442000FFF7B0FC3B8B1A04FB8813431946F8686E
:10443000FFF7A8FCBB8B1946F868FFF7A3FC114BEC
:104440001B8803F5841300221946F868FEF71FFB4A
:104450000C4B1B8801339AB20A4B1A80094B1B88FC
:1044600003339BB223F003039AB2064B1A80054B29
:104470001B881A460449F868FEF738FB00BF10375E
:10448000BD4680BDA0080020E824100080B584B09F
:1044900000AFF860084611461A4603467B810B467A
:1044A0003B811346FB806FF0D301F868FFF76AFC8D
:1044B0003B891A047B8913431946F868FFF762FCAD
:1044C0003B8B1A04FB8813431946F868FFF75AFC24
:1044D000BB8B1946F868FFF755FC00BF1037BD4687
:1044E00080BD80B400AF4EF68850CEF20000016867
:1044F00041F47001016000BF00BF00BF00BF00BFFA
:1045000000BF00BF00BF00BFF1EE100A4FF0000176
:10451000C0F2C00140EA0100E1EE100A00BFBD4652
:104520005DF8047B7047000080B485B000AF786010
:104530000023FB600023BB607B68204A5A60204B4D
:104540009B6803F0F003FB60FB681B09FB601D4ADE
:10455000FB6813441B78BB607B685A68BB689A4051
:104560007B681A60164B9B6803F4E053FB60FB68A2
:104570009B0AFB60134AFB6813441B78BB607B6893
:104580005A68BB68DA407B689A600D4B9B6803F4FD
:104590006043FB60FB685B0BFB600A4AFB681344EB
:1045A0001B78BB607B685A68BB68DA407B68DA605E
:1045B00000BF1437BD465DF8047B704700E6DF0C92
:1045C000003802400000002080B400AF0F4B1B6891
:1045D0000E4A43F0010313600C4B00229A600B4B10
:1045E0001A680A490A4B13400B60084B094A5A6083
:1045F000064B1B68054A23F480231360034B0022FB
:10460000DA6000BFBD465DF8047B704700380240A9
:10461000FFFFF6FE1030002480B400AF124B1B6C7D
:10462000114A43F080531364104B1B680F4A43F444
:104630008033136000BF0D4B5B6803F48033002BA5
:10464000F9D00A4B1B68094A43F40033136000BFDA
:10465000064B5B6803F40033002BF9D000BF00BFAA
:10466000BD465DF8047B7047003802400070004092
:1046700080B500AFFFF7A8FF204B1B6C1F4A43F02B
:10468000805313641E4B1B681D4A43F44043136060
:104690001C4B1B681B4A43F480731360194B1B6847
:1046A000184A43F007031360FFF7B6FF134B164A8F
:1046B0005A60124B154A9A60104B81221A6000BF53
:1046C0000E4B1B6803F00203002BF9D00B4B1B6849
:1046D0000A4A43F08073136000BF084B1B6803F065
:1046E0000073002BF9D000BF044B9B6803F00C0350
:1046F000082BF9D1FFF7F5FE00BF80BD003802405E
:1047000000700040003C0240106C00090294600000
:1047100080B582B000AF78607B68054A02FB03F386
:1047200018460BF0D1FA00BF0837BD4680BD00BF68
:10473000E0A5010080B400AF074B1B7883F00103B4
:10474000DBB2002B02D0044B01221A7000BFBD4621
:104750005DF8047B704700BFA20800200000000045
:1047600051EC100B1E4A21F0004393421ED900B5B4
:104770001C4A934285B008D902460B46FBF744FD1C
:1047800041EC100B05B05DF804FB684600F070FAD0
:1047900000F0030001289DED000B9DED021B14D0DD
:1047A000022807D0A0B900F067F8EBE79FED0A1BDD
:1047B00000F062B800F060F853EC102B03F10043F6
:1047C00000EE903A05B05DF804FB00F08DF9F3E7D8
:1047D000012000F089F9D5E700000000000000008A
:1047E000FB21E93FFFFFEF7F51EC100B204A21F046
:1047F000004393421FD900B51E4A934285B008D9A1
:1048000002460B46FBF700FD41EC100B05B05DF8CE
:1048100004FB684600F02CFA00F0030001289DED2F
:10482000000B9DED021B17D0022809D0B8B901205A
:1048300000F05AF9EAE79FED0C1B002000F054B994
:10484000012000F051F953EC102B03F1004300EE6E
:10485000903A05B05DF804FB00F00EF8D6E700F0E2
:104860000BF8F0E7AFF3008000000000000000004C
:10487000FB21E93FFFFFEF7F2DE9F04F57EC106B75
:1048800027F00048B8F1795F5BEC11AB85B071D2CD
:1048900030463946FCF720F9002800F0F480324613
:1048A0003B4630463946FBF767FE79A3D3E9002340
:1048B00004460D46FBF760FE77A3D3E90023FBF720
:1048C000A5FC22462B46FBF757FE75A3D3E9002330
:1048D000FBF79AFC22462B46FBF74EFE72A3D3E968
:1048E0000023FBF793FC22462B46FBF745FE70A303
:1048F000D3E90023FBF788FC22462B46FBF73CFE5E
:104900006DA3D3E90023FBF781FC22462B46FBF77E
:1049100033FECDE900016E4B002220462946FBF70D
:104920002BFEDDE900238046894620462946FBF719
:1049300023FE44464D468046894652465B463046F5
:104940003946FBF719FE02460B4640464946FBF73F
:104950005BFC02460B4620462946FBF755FC024607
:104960000B4600205B49FBF74FFC41EC100B05B0F8
:10497000BDE8F08F32463B4630463946FBF7FCFD3A
:1049800043A3D3E9002304460D46FBF7F5FD42A3FC
:10499000D3E90023FBF73AFC22462B46FBF7ECFD5C
:1049A0003FA3D3E90023FBF72FFC22462B46FBF75E
:1049B000E3FD3DA3D3E90023FBF728FC22462B4669
:1049C000FBF7DAFD3AA3D3E90023FBF71DFC2246EF
:1049D0002B46FBF7D1FD38A3D3E90023FBF716FCE8
:1049E0002B462246FBF7C8FD3B4B9845CDE900011D
:1049F00091D93A4B98453DD8A8F500130022354986
:104A0000002090469946FBF7FFFBCDE90201304BB1
:104A1000002220462946FBF7AFFD42464B46FBF7F6
:104A2000F3FBDDE900238046894620462946FBF753
:104A3000A3FD44464D468046894652465B46304675
:104A40003946FBF799FD02460B4640464946FBF7BF
:104A5000DBFB02460B4620462946FBF7D5FB024608
:104A60000B46DDE90201FBF7CFFB41EC100B05B073
:104A7000BDE8F08F9FED127BDFF864908DED027B37
:104A80004FF00008C3E79FED100B05B0BDE8F08FB5
:104A9000D43888BEE9FAA8BDC4B1B4BD9EEE213EAB
:104AA000AD529C804F7E923E9015CB19A001FA3EEC
:104AB0007751C1166CC1563F4C5555555555A53FBC
:104AC000000000000000E73F000000000000F03F91
:104AD0000000E03F0000F03F3233D33F0000E93FE9
:104AE0000000D23F000000002DE9F04F55EC104BC4
:104AF00025F0004385B0B3F1795F8DED001B824650
:104B000006D220462946FBF7E7FF002800F08C80FC
:104B100022462B4620462946FBF72EFD06460F4629
:104B200032463B4620462946FBF726FD45A3D3E9FE
:104B30000023CDE9020130463946FBF71DFD43A3B2
:104B4000D3E90023FBF760FB32463B46FBF714FD3D
:104B500040A3D3E90023FBF759FB32463B46FBF762
:104B60000BFD3EA3D3E90023FBF74EFB32463B4649
:104B7000FBF702FD3BA3D3E90023FBF747FB80468D
:104B80008946BAF1000F37D0DDE900012C4B002235
:104B9000FBF7F2FCDDE902AB42464B468046894614
:104BA00050465946FBF7E8FC02460B46404649464C
:104BB000FBF72AFB32463B46FBF7DEFCDDE9002330
:104BC000FBF722FB1CA3D3E9002306460F46504601
:104BD0005946FBF7D1FC02460B4630463946FBF7F7
:104BE00015FB02460B4620462946FBF70DFB41EC20
:104BF000100B05B0BDE8F08F02460B463046394633
:104C0000FBF7BAFC0CA3D3E90023FBF7FDFADDE9BF
:104C10000223FBF7B1FC22462B46FBF7F7FA41ECE7
:104C2000100B05B0BDE8F08F45EC104B05B0BDE8AA
:104C3000F08F00BFAFF30080495555555555C53F1E
:104C40000000E03F7CD5CF5A3AD9E53DEB9C2B8A5A
:104C5000E6E55A3E7DFEB157E31DC73ED561C11959
:104C6000A0012A3FA6F810111111813F0000000099
:104C70002DE9F04F53EC102B994923F000458D425C
:104C80008FB0044640F28E8096498D421F462AD846
:104C9000002F1046194688A3D3E9002340F3A781CB
:104CA000FBF7B2FA904B9D4206460F4600F08E800D
:104CB00083A3D3E90023FBF7A7FA8046894642463F
:104CC0004B4630463946FBF79FFA7DA3D3E90023D4
:104CD000FBF79AFAC4E90089C4E9020101263046CB
:104CE0000FB0BDE8F08F81498D4240F28980804944
:104CF0008D4262D82E15A6F21646A5EB065910462F
:104D000049469046FBF7E8FEFBF7CCFB02460B4614
:104D100040464946CDE90823FBF776FA754B002259
:104D2000FBF72AFC89468046FBF7D6FEFBF7BAFB69
:104D300002460B4640464946CDE90A23FBF764FA92
:104D40006C4B0022FBF718FCCDE90C010DF1380A81
:104D500003254FF000084FF000097AE902014246AE
:104D60004B46AB46013DFBF76FFE0028F5D1624B89
:104D700001930223009332465B46214608A800F0C7
:104D800093F9002F0646AADA6168226801F1004310
:104D9000E168C4E90023A26801F10043C4E90223E9
:104DA00046429CE70020002184ED000BC4E902018B
:104DB000002630460FB0BDE8F08F10461946FBF7CD
:104DC00023FAC4E90201C4E90001F1E73EA3D3E9F3
:104DD0000023FBF719FA3EA3D3E9002306460F464A
:104DE000FBF712FA8046894642464B463046394622
:104DF000FBF70AFA36A3D3E90023FBF705FA69E7C4
:104E000000F048F959EC108B33A3D3E90023404656
:104E10004946FBF7B1FB394B0022FBF7F7F9FBF7EB
:104E20005BFE0646FBF73EFB02460B46CDE902233E
:104E300021A3D3E90023FBF79FFB02460B46404624
:104E40004946FBF7E1F91EA3D3E9002382468B46CE
:104E5000DDE90201FBF790FB02460B46504659463E
:104E6000CDE90423FBF7D0F91F2E8046894649DCA3
:104E7000234B721E53F82230AB4243D042464B467E
:104E8000C4E9008950465946FBF7BEF9DDE9042321
:104E9000FBF7BAF9002FC4E90201BFF620AF09F110
:104EA0000043C4E9008301F10043C4E902037642F0
:104EB00015E700BFAFF3008000004054FB21F93F2D
:104EC0003163621A61B4D03D0000601A61B4D03D14
:104ED0007370032E8A19A33B83C8C96D305FE43F0A
:104EE000FB21E93F7BD90240FB21F93FFB213941FE
:104EF000FFFFEF7F0000704144FE00080000E03F2C
:104F0000C4FD0008C9F30A53C3EB1553102B4FEA35
:104F10002555B3DD56A3D3E90023DDE90201FBF7F4
:104F20002BFB8046894642464B4650465946FBF786
:104F30006BF902460B4650465946CDE90623924688
:104F40009B46FBF761F942464B46FBF75DF94AA3E6
:104F5000D3E9002380468946DDE90201FBF70CFB1B
:104F600042464B46FBF750F90B460246594650461F
:104F7000CDE90423FBF748F9C1F30A53ED1A312DAB
:104F8000804689467FF77AAF3EA3D3E90023DDE967
:104F90000201FBF7F1FA8046894642464B46DDE9BD
:104FA0000601FBF731F982468B4652465B46DDE946
:104FB0000601FBF729F942464B46FBF725F933A3D7
:104FC000D3E9002380468946DDE90201FBF7D4FAE4
:104FD00042464B46FBF718F902460B4650465946E7
:104FE000CDE90423FBF710F98046894646E7FBF735
:104FF0000DF9234B9D4206460F4618D01AA3D3E95C
:105000000023FBF703F98046894642464B4630466B
:105010003946FBF7F9F814A3D3E90023FBF7F6F8B8
:10502000C4E90089C4E902014FF0FF3657E610A336
:10503000D3E90023FBF7EAF80FA3D3E900230646E0
:105040000F46FBF7E3F88046894642464B4630461A
:105050003946FBF7D9F808A3D3E90023FBF7D6F8C4
:10506000DEE700BFAFF300803163621A61B4D03D68
:105070000000601A61B4D03D7370032E8A19A33BFF
:10508000FB21F93F0000002E8A19A33BC1492025CE
:105090009A837B3951EC100B024621F0004343EC1C
:1050A000102B7047000000002DE9F04FADF5197D81
:1050B0009C460A91B04BA299039053F82130049377
:1050C00012F1140F0CF1FF330293C0F2C182AB490D
:1050D000D31E81FB0301DB17C3EBA103079301334D
:1050E000A3EB8303DB00D318079A0B930CF1FF3378
:1050F000D41A049AD7181CD40137A39E274420AD94
:105100004FF000084FF00009E24608E056F824008E
:10511000FBF7C8F90134BC42E5E8020108D0002CD5
:10512000F4DA013440464946BC42E5E80201F6D1D2
:10513000D446049B002BB8BF4FEACC061BDB039977
:10514000029A049B0DF1800901EBCC0809EBCC0914
:105150000DF5E07B4FEACC06924663440020002127
:10516000002A80F298810AF1010A9A45EBE80201CF
:1051700009F10809F4D1039B049A009299190CAB28
:1051800003EB8203043B08930CAB03EB8206374628
:105190000B9ECDF824C08B46009A0DEBC203002A6B
:1051A000D3E970454FEAC2082CDD0DF5E07AD04412
:1051B0000DF1300901960597714B002220462946D2
:1051C000FBF7DAF9FBF788FCFBF76CF96D4B002273
:1051D00006460F46FBF7D0F902460B462046294605
:1051E000FBF712F8FBF778FC78E9022349F8040B87
:1051F00039463046FBF70AF8D04504460D46DBD168
:10520000019E059F45EC104B304600F091FB55EC9C
:10521000104B00224FF07F5320462946FBF7ACF994
:1052200041EC100B00F010FC574B51EC100B00221E
:10523000FBF7A2F902460B4620462946FAF7E4FF9F
:105240000D460446FBF748FC8246FBF72BF9024665
:105250000B4620462946FAF7D7FF002E804689469E
:1052600040F39480009B0CAA591EC6F1180352F813
:10527000212042FA03F000FA03F3D21AC6F1170410
:1052800042FA04F40CAB002C43F82120824400F3D2
:10529000F0800022002340464946FBF7D5FB00285A
:1052A00000F02382009B049A93420CDD0CAA02EBCF
:1052B0008303002253F8041DBB4242EA0102F9D1E4
:1052C000002A40F01081049B0CAA013B52F82330C5
:1052D000009A501C8146002B40F0DB80089A012385
:1052E00052F8041D01330029FAD0009A1344009AA1
:1052F000099905960A440799019301EB000A0DF1FB
:105300008008A39906970AF1804A08EBC20870AAA0
:105310000AF1FF3A02EBC00201EB8A0A00925AF846
:10532000040FFBF7BFF8029B002BE8E8020120DB2B
:10533000039E47460024002577E90223F6E8020190
:10534000FBF71AF902460B4620462946FAF75EFF9C
:105350005E4504460D46EFD1009BE3E8024500930D
:10536000019B09F101099945D9DDDDE90567009344
:1053700012E700240025EFE790FF0008ABAAAA2A55
:105380000000703E000070410000204057D0B64B36
:105390000022FBF777FB044600283FF47AAF009B1E
:1053A000002B0AF1010AC8BF022440F384820CAB2F
:1053B000002153F8045B002D3CD0C5F1807543F803
:1053C000045C6FF07F4003E01A68821A43F8042BF4
:1053D000009A01318A42F7DC0125002E0EDD012EF4
:1053E00000F02B81022E09D1009B5A1E0CAB0CA998
:1053F00053F82230C3F3150341F82230022C7FF416
:1054000048AF42464B4699490020FAF7FDFE8046D8
:105410008946002D3FF43DAF30469FED910B00F0E3
:1054200087FA4046494653EC102BFAF7EDFE8046CA
:1054300089462EE7009A01318A42BADCCDE7009B0B
:105440000CAA013B52F82340E415002C7FF721AF52
:10545000009B002B0AF1010AA9DC022C7FF419AF92
:1054600042464B4681490020FAF7CEFE80468946E7
:105470000FE7009B002B0AF1010A98DC012E00F0D7
:105480002E82022EE9D10CABC2F3150243F8212083
:10549000E3E703462BE7CDE9003C52460596DA46A2
:1054A000CB469146039E5F460024002577E9022300
:1054B000F6E80201FBF760F802460B462046294653
:1054C000FAF7A4FE464504460D46EFD1009B09F1CC
:1054D00001099945EAE802450BF1080BE2D1DDF834
:1054E00004C0059E47E60B9BDDF800B0A3F118024F
:1054F000CDE9024A0CAB0BF1FF340B9253F8243088
:1055000063B90BF18043013B0CA901EB830353F812
:10551000041D013C183A0029F9D00B929FED500B65
:105520000B9800F005FA002C5BEC10ABC0F2CD81BB
:1055300004F101084FEAC8010DF5E0790CAB4C4FBE
:10554000009103EB8805002609EBC80855F8040D07
:10555000FAF7A8FF52465B46FBF70EF83B4668E9B0
:105560000201324650465946FBF706F80CAB9D4205
:1055700082468B46EAD10099A1F1080A48ABCA4499
:10558000CDE905414FF000091A4607935346CA4634
:10559000DDF81090A346B9F1000FC0F2A380CDE969
:1055A000002BDFF8D0801F460026002400259B46F4
:1055B00010E0F7E80223F8E80201FAF7DDFF0246FF
:1055C0000B4620462946FAF721FE0136B14504462E
:1055D0000D4601DB5645ECDD5B46009ADDF804B074
:1055E0000BF1FF3BBBF1FF3FE2E802450AF1010A84
:1055F000A3F10803CFD1A29A079B022ADDE9054156
:1056000000F3A980002A37DC10D15C1800200021AB
:105610001D4674E90223FAF7F9FDAC42F9D1029B69
:10562000002B40F02F810A9BC3E90001039B03F08C
:1056300007000DF5197DBDE8F08F009B5A1E0CABDD
:105640000CA953F82230C3F3160341F82230D5E6F3
:1056500000216FF01703079145E500BFAFF300800D
:10566000000000000000F03F0000E03F0000F03FBD
:105670000000703E50FF0008D3E900895D18002645
:1056800000279A4675E9022330463946FAF7BEFDEF
:10569000554506460F46F5D1029B40464946002B2C
:1056A00040F0E3803B463246FAF7AEFD0A9BC3E981
:1056B00000676CB14AAE0125F6E802230135FAF71E
:1056C000A5FDAC42F8DA029B13B101F10043194683
:1056D0000A9BC3E90201039B03F007000DF5197D46
:1056E000BDE8F08F002400257AE70B9EDDF800B0BE
:1056F000704249EC108BCDE9024A00F019F955ECE3
:10570000104B884B002220462946FBF7BBF90028A6
:1057100000F0A280844B002220462946FAF72CFF95
:10572000FBF7DAF90746FAF7BDFE7E4B0022FAF7DF
:1057300023FF0B46024629462046FAF765FDFBF794
:10574000CBF90BF101040CAB183643F82B000B9688
:1057500043F82470E2E6A29A032A7FF467AF002C94
:1057600000F0CB8003EBC40595ED007B52EC171BDA
:10577000E600CDE90054CDE90465A8460C4615467F
:10578000994678E902672046294632463B46FAF7B1
:105790003DFDA246AB4604460D4622462B4630460A
:1057A0003946FAF731FD52465B46FAF72FFDC845F8
:1057B000C8E90201C8E90045E3D1DDE900A4012CF4
:1057C000DDE904654B4600F09880D5E90045CDE958
:1057D000006909F1080B7AE9028920462946424608
:1057E0004B46FAF713FD26462F4604460D46224641
:1057F0002B4640464946FAF707FD32463B46FAF744
:1058000005FDD345CAE90201CAE90045E3D1DDE956
:10581000006306F108041C4403F110050020002178
:105820001E4674E90223FAF7F1FCA542F9D133468A
:10583000D3E90045D3E90278029B3BBB0A9BC3E94D
:105840000401C3E90045C3E90278039B03F00700A4
:105850000DF5197DBDE8F08F20462946FBF73CF990
:105860000CAB5C4643F82B0058E60A9A07F100435C
:10587000536016603B463246FAF7C6FC002C7FF4B4
:1058800019AF22E701F100431946CCE6264605F19F
:1058900000440A9D08F10043C5E9027301F1004389
:1058A000C5E90403039B03F00700C5E900640DF597
:1058B000197DBDE8F08F42464B461C490020FAF79F
:1058C000A3FC022480468946E3E4A29B022B0FDC62
:1058D000002B15DC7FF4AAAE002000219FE60CAB64
:1058E000C2F31602022C43F821207FF4D2ACB7E5B4
:1058F000A29B032B7FF49AAE48AB0020002197E7D0
:10590000029BDDE9480133B10A9C00224FF00043BD
:10591000C4E90023D9E60A9C00220023C4E900233D
:10592000D6E600BF000070410000703E0000F03F6E
:1059300070B555EC104BC5F30A5206462B4672BBA8
:1059400025F00043234329D03B4B20462946002223
:10595000FAF712FE394B9E4204460D4652DBC1F364
:105960000A520B46363A4CF250318E4223DC164432
:1059700040F2FE7296421EDC002E34DC16F1350F2A
:1059800038DB6FF31E53363643EA065520462C4B60
:1059900029460022FAF7F0FD41EC100B70BD40F2F1
:1059A000FF718A42DFD1224620462946FAF72EFCB3
:1059B00041EC100B70BD002D17A1D1E9000107DBF0
:1059C00015A3D3E90023FAF7D7FD41EC100B70BD06
:1059D00013A1D1E9000110A3D3E90023FAF7CCFD0C
:1059E00041EC100BF3E76FF31E5343EA065545EC09
:1059F000104B70BD002D0CA1D1E9000102DA0CA101
:105A0000D1E9000108A3D3E90023FAF7B5FD41EC81
:105A1000100B70BDAFF300809C7500883CE4377EAE
:105A20009C7500883CE437FE59F3F8C21F6EA5014F
:105A300059F3F8C21F6EA58100005043B03CFFFF30
:105A40000000903C0000000051EC100BC1F30A5321
:105A50002DE9F041A3F2FF35132D0C46064622DC5A
:105A6000002D41DB384B43FA05F801EA08030343F4
:105A70000F461DD032A3D3E90023FAF7C7FB00225B
:105A80000023FBF709F840B1002C03DA4FF4801330
:105A90002B411F4427EA080400262346324643ECE4
:105AA000102BBDE8F081332D06DDB5F5806F2BD0CE
:105AB00041EC100BBDE8F081A3F213434FF0FF3728
:105AC000DF403842F4D01EA3D3E90023FAF79EFB4F
:105AD00000220023FAF7E0FF0028DED0002C334636
:105AE00020DB23EA0706D8E715A3D3E90023FAF75A
:105AF0008DFB00220023FAF7CFFF0028CDD0002C29
:105B000009DB00263446C8E702460B46FAF77EFB5F
:105B100041EC100BCEE724F0004426430DD14FF0AA
:105B20000044BAE7142D06D0C5F134050122AA407D
:105B300013449E42D5D90134D3E7044C0026ACE788
:105B40009C7500883CE4377EFFFF0F000000F0BF2B
:105B500080B582B000AF78600B467B807B884FF6C3
:105B6000FF72934202D14FF0FF3306E07B687988E1
:105B70000122184600F05CFF002318460837BD4696
:105B800080BD000080B485B000AF7860114B1B78F9
:105B9000FB7312E07B681968FA7B13465B001344C1
:105BA0009B000D4A1344994207D1FA7B13465B00D0
:105BB00013449B00084A134405E0FB7B5A1EFA730A
:105BC000002BE7D1002318461437BD465DF8047B4F
:105BD000704700BFA0FF0008AC08002080B584B06B
:105BE00000AF78600B46FB700023FB60FB78002B56
:105BF00007D0104B1B687A689A4202D14FF0FF33EE
:105C000013E00C4B1B687A689A420DD07B68FA78D7
:105C10001146184600F058F9F860FB68B3F1FF3FF1
:105C200002D0044A7B681360FB6818461037BD46F3
:105C300080BD00BFA408002080B483B000AF7860AE
:105C40007B68002B14D07B6800221A707B684FF6AB
:105C5000FF725A807B684FF6FF729A807B684FF61E
:105C6000FF72DA807B68054A9A607B6800221A73AB
:105C700000BF0C37BD465DF8047B7047A08601006D
:105C800080B584B000AF786039607B680433FB6016
:105C900010223968F868FBF733F901217868FFF7BB
:105CA0009DFF034618461037BD4680BD80B584B0C1
:105CB00000AF7860396000217868FFF78FFF0346F6
:105CC000B3F1FF3F2AD07B683A68DA607B681846F8
:105CD000FFF758FF0346FB60FB68002B03D07B688F
:105CE000DB68002B02D14FF0FF3319E0FB68002284
:105CF0001A727B68DA6807F10C031146184600F047
:105D00008FFA0346BB60BB68022B02D14FF0FF3312
:105D100006E0FB6801221A72002301E04FF0FF3316
:105D200018461037BD4680BD80B586B000AFF8601C
:105D3000B9607A600021F868FFF750FF0346B3F1BD
:105D4000FF3F3FD0FB681846FFF71CFF03463B614F
:105D500000237B613B69002B02D14FF0FF3333E01E
:105D6000BB68002B02D14FF0FF332DE07B68002B86
:105D700002D14FF0FF3327E03B691B7A83F0010328
:105D8000DBB2002B05D007F11003184600F0BAF97A
:105D900078617B69002B02D04FF0FF3314E03B6940
:105DA00001221A7207F110037A68B968184600F0E8
:105DB000E9F978617B69022B02D14FF0FF3303E0F0
:105DC000002301E04FF0FF3318461837BD4680BD71
:105DD00080B586B000AFF860B9607A600021F868DD
:105DE000FFF7FCFE0346B3F1FF3F3FD0FB681846C8
:105DF000FFF7C8FE03463B6100237B613B69002B34
:105E000002D14FF0FF3333E0BB68002B02D14FF0DB
:105E1000FF332DE07B68002B02D14FF0FF3327E0EA
:105E20003B691B7A83F00103DBB2002B05D007F13D
:105E30001003184600F066F978617B69002B02D0E8
:105E40004FF0FF3314E03B6901221A7207F110038F
:105E50007A68B968184600F0B9F978617B69022B55
:105E600002D14FF0FF3303E0002301E04FF0FF3396
:105E700018461837BD4680BD80B485B000AF786045
:105E80000423FB7312E07B681968FA7B13465B00FE
:105E900013449B000B4A1344994207D1FA7B1346E3
:105EA0005B0013449B00074A134405E0FB7B5A1E2A
:105EB000FA73002BE7D1002318461437BD465DF86E
:105EC000047B7047AC08002080B58AB002AF7860D0
:105ED0000B46FB701023BB617B687B610423FB775F
:105EE0007B68002B02D14FF0FF335AE0FB78002B88
:105EF00008D07868FFF7C0FF0346002B02D04FF0B0
:105F0000FF334EE0294B1B687A689A4248D010E074
:105F1000FA7F274913465B0013449B000B4404336C
:105F20001B687A689A4204D1204A7B681360002378
:105F300037E0FB7F5A1EFA77002BE9D17B69D888BE
:105F40007B6919897B695A8907F10F030093184B04
:105F500000F030F8B861BB69002B1BD1FB7B194600
:105F6000134A0B465B000B449B00134404337A68CE
:105F70001A60FB7B1A4613465B0013449B000C4AD5
:105F800013443B617B683A691A60084A7B68136076
:105F9000012306E07B6800221A604FF0FF3300E027
:105FA000002318462037BD4680BD00BFA80800204A
:105FB000AC08002090B58FB002AF7B600346FB8138
:105FC0000B46BB8113467B8107F1140300221A6044
:105FD0005A609A60DA601A615A614FF6FF73BB82A9
:105FE0004FF6FF73FB824FF6FF733B8307F11404F8
:105FF0007A89B989F8897B680093234600F09AF979
:106000000346FB85FB8D4FF6FF72934201D10123BE
:106010006FE0FA8D394913465B0013441B010B44B2
:1060200008331B88FA899A4217D1FA8D33491346EF
:106030005B0013441B010B4410331B88BA899A423E
:106040000BD1FA8D2D4913465B0013441B010B4401
:1060500018331B887A899A4227D0FA8D13465B0041
:1060600013441B01254A13440021184600F07AFB13
:10607000FB8DDBB207F114021146184600F02AFA34
:10608000FA8D13465B0013441B011C4A1344012183
:10609000184600F067FBFA8D13465B0013449B0023
:1060A0001A467B68134400221A72FB8DDAB23B6CED
:1060B0001A70F98DFA8D0B465B000B441B010F49DA
:1060C00019440F4813465B0013449B0003441960B6
:1060D000FA8DF98D0B465B000B449B0019467B68DB
:1060E000194413465B0013449B00054A13440B609C
:1060F000002318463437BD4690BD00BF1000002075
:10610000DC08002080B584B000AF78607B681B6835
:10611000184600F07DFA0346174A13607B681B6837
:10612000FB60154B1B681B79FB72134B1B681846F1
:1061300000F066FCF97AFA7A0B465B000B441B010F
:106140000E4919440E4813465B0013449B00034458
:106150001960FA7A0A4913465B0013449B000B440A
:10616000083301221A70FB6801221A7200231846B4
:106170001037BD4680BD00BF100900201000002070
:10618000DC08002080B584B000AFF860B9607A60A8
:10619000FB681B681B680B4A1360FB681B6818468A
:1061A00000F036FA0346084A1360074B1B681B6869
:1061B0007A68B968184600F07CF800231846103752
:1061C000BD4680BD0C0900201009002080B584B0B8
:1061D00000AFF860B9607A60FB681B681B680E4A04
:1061E0001360FB681B68184600F012FA03460B4A5E
:1061F00013600A4B1B681B681846084B1B6893F812
:106200002030DBB27A68B96800F072F800231846D3
:106210001037BD4680BD00BF0C09002010090020CA
:1062200080B582B000AF786039607B681B681B68FE
:10623000104A13607B681B68184600F0E9F90346B2
:106240000D4A13600B4B1B6800221A720A4B1B6825
:106250003A685A62084B1B68184600F0D1FB054BA0
:106260001B6801221A72044B1B689B6A1846083788
:10627000BD4680BD0C0900201009002080B483B009
:1062800000AF78600B46FB707B680C33FA781A70AD
:1062900000BF7B689B6803F00103002BF9D07B688B
:1062A0000C331B78DBB218460C37BD465DF8047B17
:1062B000704780B586B000AFF860B9607A6000239F
:1062C0007B6100237B610AE0BA687B6913441B7819
:1062D0001946F868FFF7D2FF7B6901337B617A6961
:1062E0007B689A42F0D300BF00BF1837BD4680BD1F
:1062F00090B587B000AFF860B9607A60FB7000239A
:106300007B6100237B610CE0BA687B69D418FB7861
:106310001946F868FFF7B2FF034623707B69013323
:106320007B617A697B689A42EED300BF00BF1C375D
:10633000BD4690BD80B487B000AF7B600346FB8153
:106340000B46BB8113467B810023FB750023BB7585
:10635000FB894FF6FF72934209D0BB894FF6FF725B
:10636000934204D07B894FF6FF72934202D14FF6DD
:10637000FF739DE000233B828CE03B8A4F4A1B0168
:1063800013441B88FA899A4240F081800023BB8223
:1063900078E0BB8A4A4A1B0113441B88BA899A4297
:1063A0006DD13B8A454A1B01134408331A78BB8AD6
:1063B00043491B010B4408331B789A425FD10023E9
:1063C0007B8257E07B8A3F4A1B0113441B887A89F2
:1063D0009A424CD13B8A394A1B01134408331A783C
:1063E0007B8A38491B010B4408331B789A423ED103
:1063F0003B8A324A1B01134408331B78FB75FA7D34
:1064000013465B0013445B001A467B6813443A8AC8
:106410001A80FA7D13465B0013445B001A467B68C2
:106420001344BA8A5A80FA7D13465B0013445B001A
:106430001A467B6813447A8A9A80FA7D13465B0079
:1064400013449B001A463B6A13445B68002B02D13D
:10645000FB7D9BB22CE0BB7D0133BB75BB7D042B68
:1064600005D1BB7D013BBB75BB7D9BB220E07B8A28
:1064700001337B82144B1B887A8A9A42A2D3BB8A4F
:106480000133BB82114B1B88BA8A9A4281D33B8A63
:1064900001333B820E4B1B883A8A9A42FFF46DAF60
:1064A000BB7D002B02D0FB7D9BB201E04FF6FF735A
:1064B00018461C37BD465DF8047B7047A4FF0008F2
:1064C00054000108E4000108A4010108A601010824
:1064D000A801010880B483B000AF03463960FB71A6
:1064E000FA7913465B0013445B001A463B68134479
:1064F0001B88FA7942491B010B441888414913460D
:106500005B0013441B010B44083302461A80FA79DE
:1065100013465B0013445B001A463B6813445B88D8
:10652000FA7939491B010B441888364913465B0038
:1065300013441B010B44103302461A80FA791346A8
:106540005B0013445B001A463B6813449B88FA794E
:106550002E491B010B4418882A4913465B0013443B
:106560001B010B44183302461A80FA7913465B006C
:1065700013445B001A463B6813441B88FA79204990
:106580001B010B440C3319681E4813465B0013446F
:106590001B0103440C331960FA7913465B00134462
:1065A0005B001A463B6813445B88FA7916491B0165
:1065B0000B440C331968134813465B0013441B014A
:1065C000034414331960FA7913465B0013445B00EB
:1065D0001A463B6813449B88FA790C491B010B440B
:1065E0000C331968074813465B0013441B0103442E
:1065F0001C33196000BF0C37BD465DF8047B704743
:10660000A4FF00081000002054000108E400010865
:1066100080B485B000AF78600423FB7315E07B681D
:106620001B681B681968FA7B124813465B00134409
:106630001B0103441B68994207D1FA7B13465B0098
:1066400013441B010B4A13440DE0FB7B5A1EFA73E3
:10665000002BE4D1084B1B781A4613465B00134409
:106660001B01044A134418461437BD465DF8047BE9
:10667000704700BF100000200001002080B58AB0E4
:1066800000AFF8600B467A60FB7207F114031846FE
:10669000FDF74AFFFB681B79032B5BD801A252F878
:1066A00023F000BFB5660008DD6600080567000836
:1066B0002D670008FB7A002B06D0284B1B68274A61
:1066C00043F48053136005E0244B1B68234A23F4F2
:1066D000805313603A6A7B681A603BE0FB7A002BB8
:1066E00006D01F4B1B681E4A43F48043136005E02D
:1066F0001B4B1B681A4A23F480431360FA697B68BA
:106700001A6027E0FB7A002B06D0154B1B68144A51
:1067100043F40043136005E0114B1B68104A23F457
:1067200000431360FA697B681A6013E0FB7A002B60
:1067300006D00A4B1B68094A43F40053136005E076
:10674000064B1B68054A23F4005313603A6A7B68C2
:106750001A6000BF00BF2837BD4680BD44380240E4
:106760004038024080B59EB000AF78600B46FB70A9
:106770007B681B894FF6FF7293423CD07B681B8A73
:106780004FF6FF72934236D07B681B8A4FF6FF723A
:10679000934230D07B681B891A467B68DB681B02FA
:1067A0001343BB607B681B8A1A467B685B691B02CC
:1067B0001343FB607B681B8B1A467B68DB691B02FB
:1067C00013433B614FF0FF337B614FF483637B677F
:1067D0007B6FFB637B6F3B647B6F7B644FF0FF33AE
:1067E000BB647B68DB683B67FA7807F108031146F6
:1067F000184600F0C9F900BF7837BD4680BD80B4A7
:1068000085B000AF786039607B681B68FB60FB680F
:1068100000221A607B685A6A3B685B089A4268D219
:106820007B685A6A3B685B089A4205D87B685A6A5B
:106830003B689B089A425AD87B685A6A3B689B0817
:106840009A4205D87B685A6A3B68DB089A424BD863
:106850007B685A6A3B68DB089A4205D87B685A6AAB
:106860003B681B099A423CD87B685A6A3B681B0903
:106870009A4205D87B685A6A3B685B099A422DD8D0
:106880007B685A6A3B685B099A4205D87B685A6AFA
:106890003B689B099A421ED87B685A6A3B689B09F1
:1068A0009A4205D87B685A6A3B68DB099A420FD83E
:1068B0007B685A6A3B68DB099A4207D87B685A6A48
:1068C0003B681B0A9A4201D9302303E0382301E0D8
:1068D000282302E001E0202302E001E0182302E087
:1068E00001E0102302E001E0082303E002E00023BE
:1068F00000E00023BB60FB681A68BB681A43FB68B2
:106900001A607B6893F82C30012B06D8FB681B6853
:1069100023F00202FB681A6005E0FB681B6843F085
:106920000202FB681A607B6893F82C30002B04D0BD
:106930007B6893F82C30022B06D1FB681B6823F090
:106940000102FB681A6005E0FB681B6843F0010266
:10695000FB681A60FB681B6843F40072FB681A60EE
:10696000FB681B6843F48072FB681A60FB681B6855
:1069700043F00402FB681A60FB685B6843F00402A2
:10698000FB685A60FB685B6843F48052FB685A609E
:10699000FB681B6843F04002FB681A60BB68002B71
:1069A00002D13B685B0825E0BB68082B02D13B683D
:1069B0009B081FE0BB68102B02D13B68DB0819E085
:1069C000BB68182B02D13B681B0913E0BB68202B66
:1069D00002D13B685B090DE0BB68282B02D13B6804
:1069E0009B0907E0BB68302B02D13B68DB0901E063
:1069F0003B681B0A18461437BD465DF8047B704798
:106A000080B584B000AF786007F10C031A4601210D
:106A10007868FFF733FE01217868FFF7A3FEFB6873
:106A200019467868FFF7EBFE00BF1037BD4680BD02
:106A300080B582B000AF78600B467B8013467B70D8
:106A40007A787B881946786800F004F800BF083728
:106A5000BD4680BD80B582B000AF78600B467B80BC
:106A600013467B707B88184600F039F803461846B9
:106A700000F056F802467B681A607B88184600F0E2
:106A80003DF803469AB27B689A807B78002B09D147
:106A90007B681B681A467B689B881946104600F085
:106AA00051F808E07B681B681A467B689B8819468A
:106AB000104600F057F800BF0837BD4680BD80B4CF
:106AC00083B000AF0346FB80FB88DBB203F00F030B
:106AD000DBB218460C37BD465DF8047B704780B4C6
:106AE00083B000AF0346FB80FB88DBB21B09DBB23F
:106AF00018460C37BD465DF8047B704780B582B000
:106B000000AF0346FB80FB881846FFF7D8FF03461B
:106B10001A460123934018460837BD4680BD000041
:106B200080B483B000AF0346FB71FB79044A52F88E
:106B3000233018460C37BD465DF8047B704700BF14
:106B4000AC01010880B582B000AF78600B467B8055
:106B50007B8842221946786800F092F800BF083717
:106B6000BD4680BD80B582B000AF78600B467B80AB
:106B70007B88044A1946786800F082F800BF08371D
:106B8000BD4680BD1400080080B584B000AF7860B9
:106B90000B46FB700023FB6010E07B68FA6853F83B
:106BA00022007A68FB680C339B0013445B68FA7818
:106BB000194600F0BFF9FB680133FB607B68FA6897
:106BC00053F82230B3F1FF3FE7D100BF00BF1037C9
:106BD000BD4680BD80B485B000AF78600023FB6007
:106BE0007A681F4B13401F4A93422AD01D4A934292
:106BF0002AD81D4A934221D01B4A934224D81B4ACB
:106C0000934218D0194A93421ED8194A93420FD082
:106C1000174A934218D8174A934203D0164A934210
:106C200003D011E00123FB600EE00223FB600BE0C8
:106C30000423FB6008E00823FB6005E01023FB60F1
:106C400002E08023FB6000BF0C4B1A680B49FB6815
:106C500013430B6000BF1437BD465DF8047B7047DB
:106C600000FCFFFF001C024000100240000C02402C
:106C70000008024000000240000402403038024098
:106C800080B58CB000AFF8600B467A607B81002342
:106C9000FB620023BB6100237B610023BB620023F6
:106CA0007B6200233B620023FB61FB683B61F86869
:106CB000FFF790FF7B89FF2B28D13B691A685F4B58
:106CC00013403A6913607B685D4A934214D13B6973
:106CD0001A6845F2555313433A6913603B695B6880
:106CE00023F0FF023B695A603B699A684FF6FF73D5
:106CF00013433A69936019E17B68422B2FD13B69BA
:106D00001A684E4B13403A6913600FE17B89B3F563
:106D10007F4F24D13B691B689AB23B691A607B683C
:106D2000474A934212D13B691A68464B13433A696A
:106D300013603B695B6823F47F423B695A603B699F
:106D40009A683E4B13433A699360EFE07B68422BAD
:106D500005D13B691B689AB23B691A60E6E07B8902
:106D60004FF6FF72934215D17B68354A93420AD1A0
:106D70003B694FF055321A603B6900225A603B690B
:106D80002E4A9A60D2E07B68422B03D13B690022F5
:106D90001A60CBE07B6803F00103002B02D00323D1
:106DA000BB6211E07B6803F00803002B02D00223D2
:106DB000BB6209E07B6803F00403002B02D00123CF
:106DC000BB6201E00023BB627A681F4B1340002BBB
:106DD00002D003237B6211E07B6803F48063002B05
:106DE00002D002237B6209E07B6803F40073002B6E
:106DF00002D001237B6201E000237B627B6803F009
:106E00002003002B02D001233B6201E000233B6200
:106E10007B6803F48073002B02D00223FB6109E03E
:106E20007B6803F08003002B02D00123FB6101E0AB
:106E30000023FB610023FB6275E000BF0000FFFF41
:106E40001400080000005555000808000122FB6AE4
:106E500002FA03F3BB617B89BA6913407B617A69EB
:106E6000BB699A425CD13B691A68FB6A5B000321EB
:106E700001FA03F3DB431A403B691A603B691A6865
:106E8000FB6A5B00B96A01FA03F31A433B691A60B3
:106E90007B6803F00C03002B2CD03B699A68FB6ADB
:106EA0005B00032101FA03F3DB431A403B699A605C
:106EB0003B699A68FB6A5B00796A01FA03F31A433B
:106EC0003B699A603B695A68FB6A9BB21946012389
:106ED0008B40DB431A403B695A603B695B683A6A06
:106EE00092B21146FA6A92B201FA02F292B21A43CF
:106EF0003B695A603B69DA68FB6A9BB25B0003211D
:106F000001FA03F3DB431A403B69DA603B69DA6854
:106F1000FB6A5B00F96901FA03F31A433B69DA6023
:106F2000FB6A0133FB62FB6A0F2B8FD93037BD46FA
:106F300080BD00BF80B588B000AFF860B96013466F
:106F4000FB71FB689BB2DBB2FB83FB681B0A03F09F
:106F50000F03BB61FB8B1846FFF7C1FD03461846C4
:106F6000FFF7DEFD03467B617869FFF733FEFB8B9D
:106F70001846FFF7A4FD03467B827B8A072B27D99F
:106F80007B8A083B7B82FB79002B15D07B695A6A90
:106F90007B8A9B000F2101FA03F3DB431A407B69D4
:106FA0005A627B695A6A7B8A9B00B96901FA03F3CA
:106FB0001A437B695A622FE07B695A6A7B8A9B007D
:106FC000B96901FA03F3DB431A407B695A6223E093
:106FD000FB79002B15D07B691A6A7B8A9B000F21F5
:106FE00001FA03F3DB431A407B691A627B691A6A70
:106FF0007B8A9B00B96901FA03F31A437B691A6221
:107000000AE07B691A6A7B8A9B00B96901FA03F37B
:10701000DB431A407B691A62FB8B1846FFF76EFD53
:1070200003469BB2BA6819467869FFF729FE00BF8C
:107030002037BD4680BD0000002301461A46184691
:1070400001F0E2BB002101F0AFB800BF000000007A
:107050002DE9F04F2DED028B9DB08946002106925F
:10706000189100220021CDE9041283464A46179266
:10707000904612F801ABBAF12D0F5FD801A151F87B
:107080002AF000BFC77200083D7100083D7100087A
:107090003D7100083D7100083D7100083D71000818
:1070A0003D7100083D7100086F7000086F700008A6
:1070B0006F7000086F7000086F7000083D71000865
:1070C0003D7100083D7100083D7100083D710008E8
:1070D0003D7100083D7100083D7100083D710008D8
:1070E0003D7100083D7100083D7100083D710008C8
:1070F0003D7100083D7100083D7100083D710008B8
:107100003D7100086F7000083D7100083D71000876
:107110003D7100083D7100083D7100083D71000897
:107120003D7100083D7100083D7100083D71000887
:10713000A37500083D710008BD7500080022079284
:10714000BAF1300F00F0838000230893BAF12F0FBB
:10715000564640F22985002740463D463C4618E009
:10716000082CC8BF07EB870700F10100C8BF0AEB76
:10717000470A1790C8BFAAF1300790F800A0D8BFFF
:10718000A3F13005BAF12F0F04F10104564640F384
:10719000A98005EB8503BAF1390F0AEB4303DFDD64
:1071A000B149012201F046FA002867D11798431C23
:1071B0001793417818460A46002C40F0ED80302A9B
:1071C00008BF034640F0F4851946013317931A7837
:1071D000302AF9D0C0F101000144A2F131000828A1
:1071E00000F2D28101311291303A98464FF0000AF4
:1071F000012405EB850502EB4505002101331793BA
:107200001878A0F13002092A01F1010600F29884F1
:10721000002A00F0A8871298012E3044129000F046
:10722000A08704F1010C604606E075000130061BE2
:10723000013EB14240F3A784461E082E05EB8506A9
:10724000F3DD1028DCBF07EB87077F00EEE798F837
:10725000012002F0DF02582A18BF434600F03384B1
:107260000133179393F800A0BAF1300FF8D0984685
:10727000BAF1000F0ED00123089367E7BAF1650F4A
:1072800019D0BAF1450F16D0002C31D1089B002B34
:1072900000F0C0809FED728B069A0AB1179B1360B5
:1072A000079BB3B118EE901A18EE102A01F10043B3
:1072B00043EC182B0DE0002C7CD1A2461294089BC5
:1072C000002B40F0FF829FED668B069B0BB1C3F84D
:1072D0000090B0EE480AF0EE680A1DB0BDEC028BDB
:1072E000BDE8F08F6049012201F0A4F900284FD0D9
:1072F0002846F9F7C7F8092CCDE9040140F3E782E5
:107300000023102CA1460993A8BF4FF01009A246F4
:107310000C931293554B03EBC90353E91223F9F76E
:107320002BF90246384616460F46F9F7ABF80246E7
:107330000B4630463946F8F769FF0F2CCDE90401BA
:1073400000F3B280099B002B00F0C182099B40F33F
:10735000A782162B40F37C84099AC4F1250393423B
:10736000C0F2A280414DC4F10F0405EBC401DDE978
:107370000423D1E90001F9F7FFF8099B1C1B05EB79
:10738000C405D5E90023F9F7F7F841EC180B83E7BA
:10739000179A531C17935178A1F13000092800F275
:1073A000E8800246002800F0C4860121A246A446D7
:1073B0001291EAE30021179B1291A2468E465A1CB5
:1073C00017925E782B2E00F0D1802D2E00F0C88011
:1073D00000220992A6F1300CBCF1090F39D8302EE9
:1073E000179A40F0F080013217921678302EFAD0BA
:1073F000A6F13100082840F2E48000220C92002C13
:107400003CD1089A0A437FF445AFBEF1000F40F02B
:1074100053849946692E00F02E8400F32784492E68
:1074200000F029844E2E7FF44EAF114917A801F0C9
:10743000DBFE00283FF447AF179B1B78282B00F09A
:1074400087850C4801F0D8F9B0EE408AF0EE608AEA
:1074500022E7002217930C92D1E700BFAFF3008020
:107460000000000000000000D8010108F805010834
:10747000E8010108A403010800230C93129A0C9B55
:10748000BAF1000F08BFA2469B1A102C2846099398
:10749000A146A8BF4FF01009F8F7F4FF092CCDE979
:1074A00004013FF737AF4DE7099BA4EB0909994465
:1074B000B9F1000F40F3AF8029F00F0719F00F0961
:1074C00040F05283B7F59A7F00F3EB83102FDFF87B
:1074D00090E14FEA271600F06185DDE904234FF0C3
:1074E000000C08957746E146754616F0010F1046E8
:1074F000194607D0D7E90023F9F73EF84FF0010C01
:1075000002460B467610012E09F1010907F1080722
:10751000EBD1AE46089DBCF1000F01D0CDE90423AC
:10752000059BA3F154730EEBC9010593DDE9042318
:10753000D1E90001F9F720F8464BCDE904010B40F1
:107540000A4645498B4200F2AC83A1F580118B427B
:1075500040F2C284414B4FF0FF32CDE904235CE09E
:10756000012209929A1C17929E7833E70022099211
:10757000F8E701F0DF0145297FF4BAAE0021A24609
:1075800012914FF0010E1AE702F0DF02452A7FF454
:1075900081AE4FF0000ACDF848A054464FF0010EDE
:1075A0000DE70022079208F10102179298F801A056
:1075B000BAF1000F3FF487AE9046C1E50122079271
:1075C000F1E7A6F1300C501C179056782F2E40F39F
:1075D000008381460C9208E00130179099F8016011
:1075E0002F2EA2F1300C06DD81460CEB8C02392ED9
:1075F00006EB4202F0DD0C9A801A082840F3E9827B
:1076000044F61F620C92099A002A3FF4F8AE0C9AD5
:1076100052420C92F3E640F0E48200230893009576
:10762000234652464146584602F04CFA002800F0E4
:107630003883129B0C9A9B1A099A002AA8BF002330
:1076400012934FF0000822EAE2731393C246814678
:10765000E8E000BF0000F07F0000A07CFFFFEF7FAC
:10766000D0050108D21A1F2AA4EB020400F3A0815E
:10767000012393400E9300231093089B2544344428
:10768000A6421D443346A8BF2346AB42A8BF2B46A3
:10769000002B02DDE41AED1AF61A129B002B00F300
:1076A0002981002C00F34281099B002B00F3768195
:1076B000002D00F36581002E08DD51463246584604
:1076C00002F008FC8246002800F0638118993A46CF
:1076D000584602F095FC8046002800F05A810023AD
:1076E000C268C36051460C9202F068FC0028C0F2E8
:1076F000F883059E00F09C835146404602F028FE28
:1077000055EC104B00224FF0804320462946F9F7F4
:10771000AFF9002800F0DE800C9B002B40F0558173
:10772000049B002B40F0FD81C6F31303002B40F0B7
:107730009981AF4B002220462946F9F78FF900289E
:1077400040F04683AB4B002220462946F8F714FF51
:107750000A460146CDE9101202F100430A900B934C
:10776000A54CA64BDDE90A1206EA04059D42CDE9C7
:107770000E1200F04B81089B33B3B5F1D46F23D8C0
:1077800095A3D3E90023DDE91001F9F771F9B0B150
:10779000DDE91001F9F7C8F9012838BF0120F8F731
:1077A00071FE0C9BCDE91001002B40F08A8201F1A3
:1077B000004314901593DDE91434CDE90E340F9B8A
:1077C00003F1D6635B1B0F93DDE90E01B0EE480AAF
:1077D000F0EE680ACDE9040102F0CCFCDDE9040119
:1077E00053EC102BF8F7C8FE53EC182BF8F70EFDEE
:1077F000CDE904010C46089B23B97F4B23409D42F1
:1078000000F039811899584602F002F93946584675
:1078100002F0FEF85146584602F0FAF84146584642
:1078200002F0F6F8D9F80410584602F0CBF80746F3
:10783000002800F0AE80D9F810200232920009F141
:107840000C010C30F9F75CFB9DED048B1AAA19A909
:107850005846B0EE480AF0EE680A02F01BFD189098
:1078600000286CD00121584602F0F0F98246002829
:1078700000F08F80199B002B7EDB129A139D9E18BF
:10788000089A1A9C9B1A23445D4A013B9342C4F117
:107890003604FFF6E7AE0023109301230E93ECE6C7
:1078A0001633FFF601AE129B0C9A9A1A554B03EB56
:1078B000C203DDE90401D3E90023F8F787FF41ECB7
:1078C000180BE9E4A6460024179B214677E59DEDB9
:1078D000048BE1E4474B204629460022F8F74CFE92
:1078E0000C9BCDE91001002B6AD101F100430A90F5
:1078F0000B9335E751461A46584602F08BFA8246FA
:107900001898BAF1000F1AD002465146584602F0B4
:10791000CBF903460C9318988BB10146584602F0F8
:1079200077F80C9B1893002C7FF7BEAE189922466F
:10793000584602F0CFFA189000287FF4B5AE4B46B7
:10794000B9461F469FED268B2223CBF80030014617
:10795000584602F05DF84946584602F059F851463B
:10796000584602F055F83946584602F051F841465B
:10797000584602F04DF88FE4139A129ED51A7FE70D
:1079800039462A46584602F0A5FA074600287FF4F1
:1079900092AE4B461898B9461F46D3E73946139A1C
:1079A000584602F037FA074600287FF481AEF0E728
:1079B000154AD21A012303FA02F210920E935CE6E2
:1079C0009DED107B8DED0A7BCAE69FED077B8DED6B
:1079D0000A7B8DED107BC3E60000C0FFFFFFDF4197
:1079E000000000000000F07F000000000000F03FF9
:1079F0000000F03F0000E03F0000F07F0000E07F6B
:107A000002FCFFFFF8050108E2FBFFFFA6F154733B
:107A100005939DED047BB0EE470AF0EE670A02F095
:107A2000A9FBDDE90A2351EC100BF8F7A5FDDDE910
:107A30000423F8F7EBFBB44E01EA0403B342CDE9AB
:107A4000040140F28D80B14B18EE902A9A4203D186
:107A500018EE103A01339CD0AC4C4FF0FF33CDE917
:107A60000434CFE69FED9A7B8DED0A7B9FED9A7BE8
:107A70008DED107B74E6DDE910562846314608F09E
:107A80008FF8F8F74BFD02460B4628463146F8F7CB
:107A9000BBFB0C9D049EC4F31304354302460B4606
:107AA0002543CDE90C232AD18DA3D3E90023F8F790
:107AB000D5FF00283FF4A6AE9DED048B4B46B9469A
:107AC0001F46189843E70293079B019318AB009356
:107AD0008F4A19AB17A9584601F08AF810F00F0524
:107AE00004463FF4D7AB062D40F01E8108F1010398
:107AF000179300239FED7C8B0793FFF7CDBB7CA3EF
:107B0000D3E90023F8F7AAFF0028D5D1DDE90C015D
:107B100079A3D3E90023F8F7BFFF00283FF472AE42
:107B2000CAE7049B012B9DD1002E9BD14B46B94641
:107B30001F4622239FED6C8B1898CBF8003006E788
:107B400000F0DF00452800F0B080002C7FF494ACFA
:107B5000089B19439FED648B3FF4B7ABFFF79CBBC9
:107B600001F15474059446E66A4901EBC901DDE967
:107B70000423D1E90001F8F7FFFCCDE90401002F4F
:107B80003FF44BAD9EE401398C44BCF1080F0CF17D
:107B900001047FF72EAB102CDCBF07EB870702EB4D
:107BA00047070021FFF72ABB5B490122404600F04E
:107BB00041FD40B9074617980346013017905A789F
:107BC0003D46FFF7FCBA089B002B3FF47CABFFF768
:107BD00061BB44F61F6294456046A8BF10460C90F6
:107BE00011E5C9F100094FEA291719F00F090DD065
:107BF000484B03EBC903DDE90401D3E90023F8F79F
:107C0000E5FDCDE90401002F3FF407AD1F2F00F380
:107C10000A81DDE9042317F0100118BF6A2117F06B
:107C2000010F08913D4E104619460FD0D6E90023AA
:107C3000F8F7A2FC7F1002460B4600F0D78017F041
:107C4000010F06F1080610461946EFD17F10F6E73E
:107C50000998304901EBC001DDE90423D1E90001B5
:107C6000F8F78AFC41EC180BFFF716BB6E2E3FF4B9
:107C7000DCABFFF728BB2A4917A801F0B5FA0028AA
:107C80003FF421AB179B2749013B17A8179301F03D
:107C9000ABFA10B9179B013317939FED198BFFF7C0
:107CA000FBBA2223CBF80030F7E7002C00F0468225
:107CB0004FF0010EFFF783BB9FED0B8B9946FFF74B
:107CC00004BB9DED107B8DED147B74E5AFF300805C
:107CD000000000000000F0BF000000000000F03FC6
:107CE0009535A094FFFFCF3F00000000000000008A
:107CF0009535A094FFFFDF3F35E5AF350000E03F4D
:107D0000000000000000F07FFFFF9F7CFFFFEF7F7F
:107D100080040108F8050108D80101089804010849
:107D2000DC010108E0010108189A3AB135211AA8CE
:107D300002F03EFB1899584601F06AFE013D042D01
:107D400000F21982DFE805F0032E2B2003001A9BB6
:107D50000493199B03F233421B9B23F4801343EAE1
:107D600002530593E20502D543F000430593C04A50
:107D70001A409DED048B002A7FF48EAA00F0F0FCDF
:107D800022230360FFF788BA4FF0FF326FF0004301
:107D9000CDE90423E3057FF59AAD059BE4E7B44BF9
:107DA0000593F7E7DDE91A121B9BCDE90412D9E729
:107DB000A2F13103082B14D922F02002452A7FF4C6
:107DC00002AF4FF0000ACDF848A00124FFF777BAC0
:107DD0009FEDA37B8DED0A7B9FEDA37B8DED107B4B
:107DE000BEE4012103461291FFF7FEB9089BCDE9DD
:107DF00004017BB1C1F30A52C2F16B03002B09DD10
:107E00001F2B40F31C81342B049740F365814FF006
:107E10005C730593DDE9040100220023F8F714FEEA
:107E200000283FF4FCAB2223CBF80030FFF732BA36
:107E30004B46B9461F460C9BDDF838C0DDF840E0E4
:107E40008C49C6F31302002B00F096808A4200F0A2
:107E5000E480BEF1000F00F0FA801EEA060F37D072
:107E6000B0EE480AF0EE680A02F084F9089B51EC83
:107E7000100B002B00F00481C6F30A53C3F16B030F
:107E8000002B07DD1C0504F17F53002203F540138E
:107E9000F8F772FB02460B4651EC180BF8F7B6F9EF
:107EA00041EC180B744B51EC180B0022F8F764FBF3
:107EB00041EC180B6E4B18EE902A1340002B7FF408
:107EC00000AE2223CBF80030FBE51EEA060F70D18E
:107ED000089B002BE6D1F4E502F154730593FFF7FC
:107EE0009CBB4B46DDE90401B9461F460C9B03438E
:107EF000EED1C1F313020E46002AE9D121F000446D
:107F0000240D2405B4F1D66FE2D9D8F814201AB99B
:107F1000D8F81020012ADBDD41460122584601F045
:107F2000D9FF5146804602F049F80028D0DD089B71
:107F3000002B00F0C180A4F580146FEA14536FEA9F
:107F4000035305934FF0FF3304939DED048BA9E792
:107F50004A4917A81AAA01F063F905287FF471AA03
:107F60001B9B43F0FF4343F4E00305931A9B0493E8
:107F70009DED048BFFF790B9A2B9DDE90434002B25
:107F800042D1089B002B00F09780394C3440B4F16B
:107F9000D66FD0D8B4F15C7F84D8CAE54FF0000921
:107FA000FFF7BEBABEF1000F8FD1049B1CEA030F8E
:107FB0008ED0B0EE480AF0EE680A02F0DBF8089BBB
:107FC00051EC100B002B65D0C6F30A53C3F16B03C1
:107FD000002B07DD1C0504F17F53002203F540133D
:107FE000F8F7CAFA02460B4651EC180BF8F70CF9F1
:107FF00002460B4643EC182B00220023F8F724FD21
:1080000000283FF44FAF94E5BEF1000F7FF45DAF61
:1080100013EA0C0F3FF45CAFCBE7DDE90445089BA6
:108020002146002B60D12346013364D0BEF1000FFE
:1080300000F088801EEA060F3FF443AD10E74FF0D2
:10804000FF3202FA03F3049A1A400492E2E6049B18
:108050001CEA030F3FF43CAF02E700BFAFF3008020
:10806000000000000000E0BF000000000000E03F52
:108070000000F07FFFFF0F00000050396C04010882
:1080800002460B4651EC180BF8F7C0F841EC180B00
:1080900018985CE402460B4651EC180BF8F7B4F85C
:1080A00002460B4643EC182B00220023F8F7CCFCC9
:1080B00000283FF406AD3CE5394A18983240A2F555
:1080C00080126FEA12536FEA035305934FF0FF33A8
:1080D00004939DED048B3AE4C2F14B024FF0FF3361
:1080E00093400B40059395E62D4A3240B2F1D46F90
:1080F0000ED9621C15D12B4A964228D0284A32400C
:1081000002F580130593002304939DED048BDFE6B5
:10811000120DC2F16B024FF0FF3000FA02F29442EE
:10812000E9D0BEF1000F21D01EEA060F3FF4BAAE2F
:1081300096E61290A2460121FFF760B800293FF4AD
:1081400044AEB5E514EA0C0F3FF4BBAC88E6013150
:10815000D4D122239FED0E8B1898CBF80030FFF777
:10816000F6BBA44611E53146FFF748B811EA0C0FFB
:108170003FF498AE74E6E10505D54FF00043059352
:108180009DED048BFAE59FED048BF7E5AFF30080DE
:10819000000000000000F07F000000000000000070
:1081A0000000F07FFFFFEF7F10B4054C054B8446C5
:1081B0000A4620685DF8044B6146FEF749BF00BFE0
:1081C0007C02002010010020024A0349034800F00D
:1081D000C9B800BF04010020D1C6000880020020F9
:1081E0000C4B4168994210B5044601D004F070FA76
:1081F000A168094B994202D0204604F069FAE1686F
:10820000064B994204D02046BDE8104004F060BA05
:1082100010BD00BF140900207C090020E4090020E3
:108220002DE9F843314A324C3249DFF8DC90DFF86F
:10823000DC80314F1160002504232946082204F117
:108240005C00C4E903352D4EA560C4E90055C4E9BE
:108250000555656600F038F904F15800C4E907498E
:10826000C4E90987E66200F0BDFA2946244B63673A
:10827000082204F1C400C4E91A55C4E91E55256753
:10828000C4F8CC50C4F8805000F01EF904F1680323
:1082900004F1C000C4F88430C4E92298C4E924760B
:1082A00000F0A0FA174BC4F8DC30294604F59670AC
:1082B0000822C4E93455C4E93855C4F8D850C4F884
:1082C0003451C4F8E85000F0FFF804F1D003C4E9D9
:1082D0003D87C4F8F09004F59470C4F8FC60C4F8CD
:1082E000EC30BDE8F84300F07DBA00BF4C0A002036
:1082F00014090020C98100089D840008C184000879
:108300000900010012000200398400085D840008A1
:1083100010B504460A4800F069FA636B23B9094BAB
:10832000094A1B68626323B1BDE81040044800F0AD
:108330005FBAFFF775FFBDE81040014800F058BA7A
:108340005C0A00204C0A0020E1810008014800F08E
:108350004DBA00BF5C0A0020014800F049BA00BFD6
:108360005C0A00202DE9F8430746884616464FF080
:108370000009D6E90154013D10D4A389012B08D985
:10838000B4F90E3001332146384602D0C04749EADD
:108390000009013D6B1C04F16804EED13668002E23
:1083A000E7D14846BDE8F8830CB410B5214B00294D
:1083B0001C689CB038DB4FF000034FF402721B9333
:1083C000ADF81420029006901FAB18D001394FF67B
:1083D000FF7204910791ADF8162002A91E9A01932D
:1083E000204602F051F8421C01DA8B232360029BE5
:1083F00000221A701CB0BDE8104002B070474FF662
:10840000FF7204910791ADF8162002A91E9A0193FC
:10841000204602F039F8431C01DA8B2323601CB09C
:10842000BDE8104002B070478B2323604FF0FF304F
:10843000F5E700BF7C02002010B50C46B1F90E1024
:1084400000F062F9002803DB236D0344236510BDAF
:10845000A38923F48053A38110BD00BF2DE9F0410F
:108460000C46B1F90C101F46CB05054616460BD439
:1084700021F48051A1813B46B4F90E1032462846C2
:10848000BDE8F04100F056B9B4F90E100223002205
:1084900000F024F9B4F90C10EAE700BF10B50C465F
:1084A000B1F90E1000F01AF9B4F90C30421C0EBFED
:1084B00023F4805343F480532065A38110BD00BF93
:1084C000B1F90E1000F0F8B8830730B546D0841823
:1084D000844604E003F8011B9D0704D09C46A44594
:1084E0006346F7D130BD013A0244A2EB0C02032AE5
:1084F00029D9CCB204EB04240F2A04EB04442FD96D
:10850000A2F1100C2CF00F0C03F11005AC44C3E9E0
:108510000044C3E9024410336345F8D112F00C0F54
:1085200002F00F0E18D02EF0030C9C44AEF104059F
:108530001A4642F8044B6245FBD125F0030404338C
:108540000EF003022344002ACCD0C9B21A4403F827
:10855000011B9342FBD130BD7246F4E70346C6E7E8
:108560009646E0E711F0FF01034600F0030239D020
:108570008ABB026810B501EB012E0EEB0E4E8EEA9F
:108580000204A2F1013323EA0203A4F1013222EA38
:108590000402134313F0803F0FD150F8044F84EAD4
:1085A0000E0CA4F10133ACF1013223EA040322EAF8
:1085B0000C02134313F0803FEFD0037823B936E069
:1085C00010F8013F002B32D09942F9D110BD8A42F8
:1085D00028D09A0729D01A7818460133002AF6D1F4
:1085E00010467047CAB90268A2F1013323EA0203B8
:1085F00013F0803F08D150F8042FA2F1013323EA91
:10860000020313F0803FF6D003785BB110F8013F0E
:10861000002BFBD17047990705D0184613F8012BA2
:10862000002AF8D170471846DDE71846A1E718463A
:1086300010BD00BF8AB330B540EA0104A4078646E6
:108640000B4617D1032A07D814E0043A23D01CF0B4
:10865000803F20D1032A26D9DEF80040194653F87E
:10866000045BA4F1013CAC4270462CEA040C0EF110
:10867000040EEAD003780C78013AA34208BF12181E
:1086800007D00CE06BB110F8013F11F8014FA34285
:1086900005D19042F6D1002030BD10467047181B1E
:1086A00030BD184630BD70461946E3E7014B93F8DC
:1086B000280170471001002038B5074D00220446FC
:1086C00008462A6007F0A2FA431C00D038BD2B6888
:1086D000002BFBD0236038BD500A002038B50D4672
:1086E000084C8446114628461A46002323606546F6
:1086F00007F0B4FA431C00D038BD2368002BFBD030
:108700002B6038BD500A002038B50D46084C844611
:10871000114628461A4600232360654607F0A6FA4C
:10872000431C00D038BD2368002BFBD02B6038BD24
:10873000500A002038B50D46084C8446114628469C
:108740001A4600232360654607F0A6FA431C00D0B2
:1087500038BD2368002BFBD02B6038BD500A0020A9
:10876000014B1868704700BF7C02002070B50F4BAA
:108770000F4DAB42A3EB050607D0B610002455F809
:10878000043B01349847A642F9D807F08FFA094D07
:10879000094B5E1BAB424FEAA60606D0002455F8F3
:1087A000043B01349847A642F9D870BD0C08010873
:1087B0000C0801080C0801081408010838B5074D19
:1087C000074C2C1BA41005D0013C55F8043D9847DC
:1087D000002CF9D1BDE8384007F06EBA180801083E
:1087E00014080108704700BF704700BF704700BF02
:1087F000704700BF000000009FED010B704700BFF5
:10880000000000000000F87F2DE9F8431B4D0646EC
:10881000286898460F469146FFF7E8FF184B1C68FA
:108820001CB3286865681F2D22DC4EB96B1C02350D
:10883000636044F82570FFF7DBFF0020BDE8F88394
:1088400004EB85010123C1F88890D4F88821AB405E
:108850001A43022EC4F88821C1F80881E6D1D4F861
:108860008C211A43C4F88C21E0E7064C1C60D8E741
:10887000FFF7BEFF4FF0FF30E0E700BFC00300206E
:10888000F00B0020600A0020024B13B10248FEF7F3
:10889000D3BB704700000000BD8700082DE9F843F6
:1088A00006460820894604F081F8DFF8A4800546D2
:1088B000304601F07BF8D8F808305F6827F00307EE
:1088C000A7F11104A4EB09042C44B4FBF5F4013C1A
:1088D00005FB04F4A54208DC0021304604F054F8FE
:1088E000D8F808303B44984205D0304601F064F88F
:1088F0000020BDE8F8836142304604F045F80130BD
:108900000FD0114AD8F808303F1B47F001075F60CD
:10891000136830461B1B136001F04EF80120BDE8C0
:10892000F8830021304604F02FF8D8F80820831A85
:108930000F2BDADD43F001035360044B02491B683F
:10894000C01A0860D1E700BFF40B0020C403002068
:10895000D003002000295BD0F8B50C46074601F093
:1089600025F854F804CC744DA4F108022CF001034E
:10897000D118A8684E68884226F003060CF0010E54
:108980007ED088194E60406800F00100BEF1000FF3
:108990002FD154F8084C121B2344946805F1080C9D
:1089A000644562D0D2F80CE0C4F80CE0CEF8084080
:1089B00000287FD043F0010050600B60B3F5007FCA
:1089C0002FD2D90868685C090131012309B2A3409C
:1089D00003436B6055F83100906005EBC103083B21
:1089E000D36045F83120C2603846BDE8F84000F059
:1089F000E3BF70B9334405F1080C8868604543F063
:108A0000010471D0C968C16088605460D350D5E753
:108A100070474CF00101B3F5007F44F8041CD350BB
:108A2000CFD3B3F5206F4FEA532045D2980900F118
:108A3000390109B200F13804C900681869580838CA
:108A4000884203D157E08968884204D04C6824F0FA
:108A500003049C42F7D8C868C2E902108260384615
:108A6000CA60BDE8F84000F0A7BF88BB1E44D1E94A
:108A70000213CB60996046F0010353609651B3E74F
:108A80001E44BEF1000F07D154F8083CD21A1E4410
:108A9000D2E90213CB60996046F001035360274B83
:108AA000AA601B68B3429FD8254B38461968FFF768
:108AB000F5FE99E73344A0E714280ED9542821D8AD
:108AC000180B00F16F0109B200F16E04C900B4E7A0
:108AD00043F0010050600B6086E700F15C0109B2D1
:108AE00000F15B04C900A8E7C5E90422C2E902CC91
:108AF0005460D35078E76E68A4100123A340334339
:108B00006B60A9E7B0F5AA7F07D8D80B00F1780110
:108B100009B200F17704C9008FE740F2545188424E
:108B200006D8980C00F17D0100F17C04C90084E7AF
:108B30004FF47E717E2480E7D0030020C80300201C
:108B4000240C00202DE9F0410469B4EB611F05DC21
:108B50000023036100234361BDE8F08100F1140CA0
:108B60004E1111F01F0E0CEB84050CEB860323D085
:108B70005CF8261004339D4221FA0EF1CEF1200854
:108B800030D967461A6802FA08F20A4347F8042BFC
:108B900053F8041B9D4221FA0EF1F3D8A31B9B004E
:108BA000053B9C080CF1040223F0030342F8241057
:108BB000134479B104330DE09D4288BF00F11002E7
:108BC000C6D953F8041B42F8041F9D42F9D8A31BD1
:108BD0000CEB8303A3EB0C02921063450261B9D046
:108BE000BDE8F08141610029B2D06346E2E700BFF1
:108BF0002DE9F04F0F6885B0CDE90020BA780393D6
:108C0000302A894640F0F881FB1C1A78302A1C462D
:108C100003F10103F9D0E71B023FDFF8108318F8D6
:108C20000230002B00F0EE80237818F803304FF06C
:108C3000000A5546002B00F06B81264616F8013FCE
:108C400018F80330002BF9D1B74901223046FFF75D
:108C5000F1FC834600284CD03278002D00F0A28130
:108C6000AB1B4FEA830B02F0DF02502A35464CD093
:108C7000C9F80060BAF1000F74D12A1B013A072A23
:108C8000514604DD5210072A01F10101FADC019876
:108C900000F098FE8246002800F09B8200F1140646
:108CA000AC42029666D20027B9460DE0202F1AD0BA
:108CB0003A4604372B7818F8033003F00F0393403B
:108CC00049EA0309A54258D015F8013D2E2BEDD1F4
:108CD000A542EBD3944901222846FFF7ABFC0028BC
:108CE000F0D0202FE4D1002246F8049B04279146BF
:108CF000E0E7002D00F07181327802F0DF02AB1B5B
:108D0000502A4FEA830B3546B2D16A782B2A00F0FD
:108D100047812D2A40F0E5800120AA7818F802103A
:108D20004A1E182A05F1020600F2E580727818F84A
:108D30000220103901365AB90CE001EB810116F816
:108D4000013F02EB4102A2F1100118F803200AB121
:108D5000192AF2DD00B149428B44C9F80060BAF12A
:108D6000000F8AD0002F0CBF06240024204605B037
:108D7000BDE8F08F029E4FF0000946F8049B029B6D
:108D8000F61AB610CAF81060484600F0F5FE009BCF
:108D900076011D68361AAE4255DCC0F20581009B93
:108DA0009A685A45C0F2F3805A68934580F2A580CC
:108DB000A2EB0B0BAB4571DA0BF1FF36002E40F046
:108DC000618137467311029A06F01F0652F823207C
:108DD0000123B3401342A5EB0B055946504600F062
:108DE0006081FFF7AFFE009BDC68D3F804B0022C73
:108DF00000F01481032C00F07081012C00F06981D7
:108E000012247BE0484901222046FFF713FC8246EA
:108E100000287FD1637818F80320651C002A7BD0D6
:108E2000302B2C4640F05B8114F8013F302BFBD0F7
:108E300018F80330B3FA83FA01274FEA5A1A002BC5
:108E40007FF4FBAE64E0761B3146504601F0DEFA5B
:108E5000074678B1711E4A11029B012753F8220080
:108E600001F01F0207FA02F2024203D0B94200F3F6
:108E70000F81022731465046FFF764FE009B9A6837
:108E8000B3445A45C0F28380009B5A685A4540F368
:108E9000B680A2EB0B0B5D4500F3E580009BDB6821
:108EA000022B45D0032B00F00881012B43D1AB45A9
:108EB00041D1BBF1010F08D00BF1FF31504601F059
:108EC000A5FA002837D0009B5A6803990A60029AD5
:108ED0000123CAF8103013600E9B6224C3F800A06F
:108EE00044E718F802104A1E182A05F101064FF04F
:108EF00000007FF61BAF2E46BAE601240E9BC3F896
:108F000000A0039B2046C3F800B005B0BDE8F08F79
:108F1000264699E62378254603F0DF03502B00F020
:108F2000C780C9F800501DE7D8010108C004010836
:108F30000F9B002BC9D00198514600F069FD5024C9
:108F40000E9A00232046136005B0BDE8F08FDAF8D2
:108F50000820974280F2C5800AEB87017A1C012025
:108F6000022CCAF81020DDF80880486100F0AA80C1
:108F7000002A00F3DB800022CAF810200022CAF881
:108F80001420009B9A680BF1010B5A4569DA01988D
:108F9000514600F03DFD0E9A0023A3241360E5E640
:108FA0000020BAE6AB465EE6AE1B5146324601985B
:108FB00000F090FF009B9A68ABEB060B934582464E
:108FC000E5DC5A68934598DAA2EB0B0B00F1140329
:108FD000AB450293BFF662AFEEE6727818F8021066
:108FE000751C2E4600293FF43EAE16F8012F18F8E6
:108FF0000230002BF9D133E6BC1C00270DE601241A
:10900000002F3FF47BAF009BDA68022A06D0032AC8
:1090100008D0012A2ED044F010046FE70F9BC3F153
:1090200001030F930F9B002BF5D0DAF81070029A12
:109030004FEA8709904602EB8706002003E096423C
:1090400042F8040C83D9944652F8041B4B1CF6D00A
:109050000131022CCCF8001034D015F01F0540F07F
:10906000918021244AE70BF1FF36002F3FF4A6AE92
:109070000127A7E6B907CED5029B1A681743FA075E
:10908000D3D4C8E73146504601F0C0F9074699E607
:10909000B11E504601F0BAF900283FF4EAAE0327AA
:1090A000E8E6FFF74FFD009B0224D3F804B0A7E7E2
:1090B0004FF0000B4FF0010A27E60F9B002B7FF4C7
:1090C00004AF38E7009B1A68013AAA4267D022240D
:1090D00014E747F002070224CEE70224A2E70127A3
:1090E000ABE5DAF804100198013100F06BFC06469C
:1090F000002868D0DAF81020023292000AF10C0140
:109100000C30F7F7FDFE5146019800F081FC326902
:10911000012006EB8201022C0244326106F11408A0
:109120004861B246CED0974297DA21E708EB820534
:109130000AF11800DAF8142085424FEA52023AD9AF
:109140004446036842EAC37244F8042B50F8042BE7
:1091500085424FEA5202F4D8A5EB0A01193908F109
:1091600004008C0821F0030140F82420014402B1DE
:109170000431A1EB080292104145CAF810207FF497
:1091800000AFFBE6C144C5F1200559F8040C00F01E
:10919000F3FCA842BFF665AFDAF81020E8E66A11E2
:1091A00005F01F0558F822100122AA400A4214BFF8
:1091B00021242224A2E6C8F800200AB14146D7E7BC
:1091C000CAF81020DAE6064B06483246842103F03E
:1091D0002DFC034B03485246E42103F027FC00BF5B
:1091E000300201084402010810B40468013409E0A7
:1091F00014F8013BA3F1410CBCF1190F98BF2033C7
:10920000934208D111F8012B002AF1D1046001200A
:109210005DF8044B704700205DF8044B704700BFB9
:1092200009682DE9F04F4B1102EB830311F01F0B7E
:1092300007460CBF1846181D3C680CBF1D1F1D4675
:10924000002385B040F8043C61780134002900F027
:10925000A9809E469A461E460B4601461046DFF8F8
:10926000849101975A46A846AC46834610E0202BCD
:1092700000F29080564508DDC44502D2BEF1070FCA
:1092800060DDE34555D34FF0080E14F8013FB3B14C
:1092900019F80370002FEAD00EF1010EBEF1080F8D
:1092A00006F101063BDCDCF800301B0107F00F077C
:1092B0001F43CCF8007014F8013F002BE8D15B4647
:1092C000084693461A46002E6CD0C44502D2BEF121
:1092D000070F72DD62454ED2111F634653F8044BEF
:1092E00041F8044FAB42F9D9A5EB0C03691C23F0FC
:1092F00003030CF1010C8C4588BF0023111D0B44A6
:10930000002419460433AB420C60FAD950F8043CEF
:10931000002B4DD1AA4249D055F8043DF8E7E3456A
:10932000B3D200234CF8043C4FF0010EACF1040C16
:10933000BCE70023ACF104084CF8043CB246C44638
:109340009E46A2E7CEF108008000CDE9022CDCF8B1
:1093500000306746C0F1200E8446786800FA0EF2AD
:109360001A4320FA0CF33A6047F8043F4745F4D318
:10937000DDE9022C85E750F8043CBBF1000FC7D0B3
:10938000CBF1200B4FF0FF3121FA0BF10B4040F8ED
:10939000043CBDE70846194629295B46019F9346D0
:1093A0001A4607D0042005B0BDE8F08F01231360F2
:1093B0000520F8E701343C6085E7CEF10803DCF8CE
:1093C00000109B00C3F1200E66460C46776807FA32
:1093D0000EF1214327FA03F4316046F8044F464565
:1093E000F4D377E7C00401082DE9F04F01F10B0534
:1093F000162D83B0064623D8102900F2B48000F061
:10940000D5FA102518230220B84F3B44A3F10802D7
:109410005C68944200F064816368E268A16823F0AC
:109420000303CA602344304691605A6842F0010247
:109430005A6000F0C1FA0834204603B0BDE8F08F4E
:1094400035F0070500F18F80A94200F28C8000F012
:10945000ADFAB5F5FC7FC0F0B8815FEA552E00F09B
:109460008980BEF1040F00F270814FEA951E0EF163
:10947000390003B20EF1380EDB009C4F3B44A3F1E0
:10948000080C5C68A44507D10DE0002AE16880F271
:1094900021818C4507D00C46636823F003035A1BD7
:1094A0000F2AF2DD7046DFF85C823C69444500F02B
:1094B000FE80636823F0030CACEB05030F2B00F375
:1094C0008981002BC7E9048880F27381BCF5007F95
:1094D000D7F804E080F018814FEADC03013319B2B9
:1094E0004FEA5C1C012303FA0CF357F83120A26009
:1094F0004EEA030E07EBC103083BE360C7F804E044
:1095000047F83140D46083104FF0010C0CFA03FC93
:10951000F44535D81CEA0E0F08D120F003004FEABD
:109520004C0C1CEA0E0F00F10400F8D007EBC00A47
:10953000D6468146DEF80C300BE0596821F0030175
:109540004A1B0F2A1C46DB6800F30F81002A80F2B9
:1095500023819E45F1D109F1010919F0030F0EF1A4
:10956000080EE7D161E10C2333600024204603B0EC
:10957000BDE8F08F4FF4007340204FF03F0E7CE7C2
:10958000BC68636823F00309A94504D3A9EB05036C
:109590000F2B00F38F80564B1B68082003F1100837
:1095A00004EB0903009303F001FA524A13680133F4
:1095B000A844834605D008F1FF388044434203EABB
:1095C00008084146304603F0DFF9B0F1FF3F494A51
:1095D000824600F01B8104EB0903834200F21481F0
:1095E000454B186840440BF1FF3C186000F0728155
:1095F0001168013100F07A8104EB0902AAEB020242
:1096000002441A601AF00702CDE9002300F032810B
:10961000C2F108029244D04408EA0C015A44521A9A
:1096200002EA0C0B5946304603F0AEF9421C019B8E
:1096300000F07981A0EB0A0000EB0B081868C7F86E
:1096400008A048F001025844BC42CAF8042018603F
:1096500016D0B9F10F0F40F24C816168A9F10C02EC
:1096600022F0070201F00101114361604FF0050C87
:10967000A1180F2AC1E901CC00F25D81DAF80420BB
:109680001E4B1968814238BF18601D4B1968814212
:1096900038BF1860544622F00308A845A8EB05031C
:1096A00001D30F2B06DC304600F086F95DE7D7F8D2
:1096B00004E028E7621943F0010345F00105656005
:1096C0003046BA60536000F077F90834204603B0A2
:1096D000BDE8F08FA2682344D16030468A60A4E6DA
:1096E000DC68A3427FF498AE0230DCE6D0030020B1
:1096F000240C0020C4030020F40B0020200C0020C8
:109700001C0C0020D8030020BCF5206F4FEA5C221F
:1097100072D3142A00F2C18002F15C031BB25B32E7
:10972000DB00F918FB580839994203D198E09B688F
:10973000994204D05A6822F003026245F7D8D968EA
:10974000C4E902318C60DC60DDE6BEF1140F60D943
:10975000BEF1540F00F2AB804FEA153E0EF16F00E0
:1097600003B20EF16E0EDB0087E6D4F808C0304677
:10977000661945F001056560CCF80C30C3F808C0E7
:1097800042F00103C7E90466C6E9028873606250CB
:1097900000F012F90834E9E6214430464A6842F004
:1097A00001024A6054F8082FD3609A6000F004F96F
:1097B000DCE6A4443046DCF8043043F00103CCF886
:1097C000043000F0F9F80834D0E6E808431C1BB276
:1097D000DB0019E6621943F0010145F001056560FF
:1097E0003046C7E90422C2E90288516044F80C30CF
:1097F00000F0E2F80834B9E64FEA9C1202F13903AE
:109800001BB23832DB008CE7BC425CD0BC686268BB
:1098100041E70EF15C0003B20EF15B0EDB002CE6BB
:109820005AF80839534540F0A68010F0030F00F1B4
:10983000FF30F5D17B6823EA0C037B604FEA4C0CC8
:109840009C453FF69DAEBCF1000F04D198E64FEA6F
:109850004C0C09F104091CEA030FF8D0484665E6F0
:1098600092104FF0010C0CFA02F24EEA020EC7F809
:1098700004E065E70AEB080202EA0C02ABEB020225
:1098800002EA0C0B5946304603F07EF8431C019B5C
:109890007FF4D0AEDDF800B0D0E6542A2DD84FEAE0
:1098A0001C3202F16F031BB26E32DB0039E7BEF5EA
:1098B000AA7F2DD84FEAD53E0EF1780003B20EF103
:1098C000770EDB00D9E52D4B186840440BF1FF3CC7
:1098D00018608DE61AEA0C0F7FF48AAED7F808A05C
:1098E000C84448F00102CAF80420C9E6C2F800A042
:1098F00088E60123CAF80430D5E6B2F5AA7F25D858
:109900004FEADC3202F178031BB27732DB0008E762
:1099100040F254539E4524D8AB0C03F17D0003F173
:109920007C0EC300A9E5009A083A9044A8EB0A0807
:109930004FF0000B82E6304604F108010093FFF778
:1099400009F8009BD7F808A0186897E640F254532E
:109950009A420CD84FEA9C4202F17D03DB007C3234
:10996000DFE64FF47E737F204FF07E0E85E54FF4E7
:109970007E737E22D5E67B6860E700BFF40B002093
:1099800082B049B15AB16BB113780B601278101ED6
:1099900018BF012002B0704701A9002AF3D1104678
:1099A00002B070476FF00100F4E700BF0148FEF716
:1099B0001DBF00BF540A00200148FEF719BF00BFB9
:1099C000540A0020436C70B505460C464BB153F861
:1099D000240080B1026843F824200023C0E9033347
:1099E00070BD2122042103F041F803466864002879
:1099F000EDD1002070BD012101FA04F6721D920024
:109A0000284603F033F80028F3D0C0E90146E4E724
:109A100031B1436C4A6853F82200086043F82210C1
:109A2000704700BF2DE9F0410D6907460E461C4600
:109A300001F1140E0020DEF800108BB202FB03438C
:109A40004FEA134C090C02FB01CC01309BB203EB33
:109A50000C4385424EF8043B4FEA1C44EBDC3CB11E
:109A6000B368AB4207DD06EB850301355C61356108
:109A70003046BDE8F081716838460131FFF7A2FF3A
:109A80008046A8B13269023206F10C0192000C3016
:109A9000F7F736FA7B6C726853F82210316043F89E
:109AA0002260464606EB850301355C613561DFE7E0
:109AB000024B03484246BA2102F0B8FF30020108C7
:109AC000D00201082DE9F8431746284A1E460833FC
:109AD0000C46092E82FB03124FEAE3730546C3EBE3
:109AE00062033ADD4FF0010C00214FEA4C0C634554
:109AF00001F10101F9DC2846FFF764FF014670B36C
:109B0000089B4361092F4FF00103036112DC0A3403
:109B10000927BE420BDDF61B264414F8013B0A223E
:109B2000303B2846FFF77EFFB4420146F5D1084698
:109B3000BDE8F88304F1090804EB0709444614F86A
:109B4000013B0A22303B2846FFF76CFF4C4501469B
:109B5000F5D1B844A8F10804DBE70021CBE70A46B9
:109B6000034B0448D32102F061FF00BF398EE33874
:109B700030020108D0020108B0F5803F034636BF2D
:109B8000030400201020B3F1807F3CBF1B0208308B
:109B9000B3F1805F06D3B3F1804F0FD29A0012D495
:109BA000033070471A01B2F1804F00F1040006D271
:109BB0009B0108D45B00F3D4202070471A46002A8A
:109BC000FBDB013070470230704700BF0368590764
:109BD000024607D0D8071DD499072AD55B08136021
:109BE0000120704799B279B91B0CD9B2A1B11020EC
:109BF000190701D104301B09990712D0D90701D4E4
:109C000001305B0813607047D9B241B1180718D111
:109C10000420F0E70020704718201B0AE8E708201E
:109C2000FBE713F0040F4FEA930106D002300B4616
:109C3000E8E79B08136002207047DB0804D120206E
:109C40007047DB080320DDE70330DBE738B5436C02
:109C500004460D464BB15868B0B102685A60002204
:109C60000123C0E90323456138BD2122042102F00C
:109C7000FDFE034660640028EDD1094B094800222F
:109C800040F2451102F0D2FE1C220121204602F0D2
:109C9000EDFE0028F1D001220223C0E90123DEE716
:109CA00030020108D00201082DE9F04FD1F81080F0
:109CB0001569A84585B00E46924605DB2A465346EF
:109CC00045468A4690461E46DAF80830DAF804100F
:109CD00005EB0804A342B8BF0131FFF773FE8446C9
:109CE000002800F08C8000F1140707EB840E774504
:109CF00005D23B46002243F8042B9E45FBD8143680
:109D000006EB88080AF11409464509EB850567D278
:109D1000A5EB0A03153B0AF1150A23F00303AA4534
:109D200094BF9B464FF0000BCDF808E00394AE467D
:109D3000E24605E0090C2BD1B04507F104074CD9E8
:109D400056F8041B8DB2002DF4D0CC463C460023BF
:109D500001965CF8040B216886B28AB2000C05FB00
:109D60000622090C1A4405FB001101EB124192B2C4
:109D700042EA0142E64544F8042B4FEA1143E8D891
:109D800007EB0B02019E536056F8041C090CD3D05C
:109D90003B68002248461D463C469446028801FB2B
:109DA00002C202EB15429BB243EA024344F8043B71
:109DB00050F8043B25684FEA134CABB201FB0C335F
:109DC00003EB124386454FEA134CE7D807EB0B022F
:109DD000B045536007F10407B2D8DDE902E4D44688
:109DE000002C02DC05E0013C03D05EF8043D002BB2
:109DF000F9D06046CCF8104005B0BDE8F08F034BB9
:109E0000034862464FF4B17102F010FE30020108BF
:109E1000D002010812F003032DE9F0411446074671
:109E200032D10E46A4102CD03D6C002D35D004F05C
:109E300001034FF0000864103BB92868B8B105462B
:109E400004F001036410002BF7D02A46314638464F
:109E5000FFF72AFF36B17B6C716853F8212032601E
:109E600043F8216074B1064628680028E7D12A46E5
:109E700029463846FFF718FF2860C0F800800546DD
:109E8000DEE73046BDE8F081013B0F4A52F823205F
:109E90000023FFF7C7FD0646C4E701213846FFF758
:109EA00091FD054640B1012340F27122C0E9043220
:109EB000002338640360BAE7044B05482A4640F2A1
:109EC000451102F0B3FD00BFC005010830020108D2
:109ED000D00201082DE9F0470C4690462769A36897
:109EE000496807EB62177D1C9D4206464FEA6219DE
:109EF00004DD5B009D4201F10101FADC3046FFF711
:109F000061FD844600284ED0B9F1000F00F1140025
:109F10000BDD09F105020CEB82020346002143F838
:109F2000041B9342FBD100EB8900216904F1140367
:109F300018F01F0803EB81012DD0C8F120098646D7
:109F40004FF0000A1A6802FA08F242EA0A024EF8D2
:109F5000042B53F8042B994222FA09FAF2D80B1B6E
:109F6000153B23F0030304F11502914238BF00238F
:109F7000043340F803A0BAF1000F00D13D46736CE2
:109F80006268CCF8105053F822102160604643F804
:109F90002240BDE8F087043853F8042B40F8042F22
:109FA0009942F9D8EAE7034B034862464FF4EF7150
:109FB00002F03CFD30020108D00201080B69844622
:109FC0000069C01A16D10CF1140C14310CEB830289
:109FD00010B401EB830301E0944508D252F8044D1C
:109FE00053F8041D8C42F7D005D24FF0FF305DF8D6
:109FF000044B7047704701205DF8044B704700BF69
:10A000002DE9F04F13690E69F61A002E83B08946C8
:10A01000154614D101F1140702F1140101EB83017B
:10A0200007EB830301E09F427ED253F8044D51F8C1
:10A03000042D9442F7D080F08480012603E0FCDBFD
:10A0400000260D4691466968FFF7BCFC01460028D2
:10A0500000F084802F69C660D9F8100005F1140B58
:10A0600005F1100201F1140A09F1140505EB800055
:10A070000BEB870ED0460023CDF804B0944655F87C
:10A08000046B5CF8042F1FFA86FB94B2A4EB0B045C
:10A090001C44330CC3EB124303EB2443A4B244EA45
:10A0A0000344A84248F8044B4FEA2343E7D8264626
:10A0B000A0EB0904153CDDF804B024F0030409F119
:10A0C0001509484538BF00240BEB0402043204EBA9
:10A0D0000A05964505F10404104636D9AAEB0B0A89
:10A0E00000EB0A0C50F8045B13FA85F62B442D0C98
:10A0F00005EB26459BB243EA05468645CCF8006051
:10A100004FEA2543ECD80EF1FF339B1A23F00303EB
:10A11000234426B953F8042D013F002AFAD00846FB
:10A120000F6103B0BDE8F08F0021FFF74BFC014643
:10A1300068B101220023C0E90423084603B0BDE84A
:10A14000F08F2B464D4699467DE72B46E1E70A46C0
:10A15000064B074840F2372102F068FC0A46034BE1
:10A16000034840F2452102F061FC00BF30020108C3
:10A17000D002010882B08DED000B164B019A1340FE
:10A18000A3F15073002B06DD00221946104641EC66
:10A19000100B02B070475B42B3F1A07F4FEA23522D
:10A1A00009DA4FF40023134100221946104641EC0E
:10A1B000100B02B07047A2F114031E2BDABF4FF050
:10A1C0000042DA40012200231946104641EC100BF0
:10A1D00002B070470000F07FF8B5046900F1140682
:10A1E00006EB8404271F54F8045C2846FFF7C4FCE0
:10A1F000C0F120030A280B6033DDBE42A0F10B0141
:10A2000019D254F8080C21B3C1F120078D4020FA6F
:10A2100007F215438840A4F1080145F07F538E42B0
:10A2200043F4401319D254F80C1CF9400843024679
:10A2300043EC102BF8BD0B280AD005FA01F141F0D0
:10A240007F53002043F44013024643EC102BF8BD2B
:10A25000002045F07F5343F44013024643EC102B9B
:10A26000F8BDC0F10B0C25FA0CF1BE4241F07F5352
:10A2700038BF54F8081C00F1150034BF21FA0CF166
:10A28000002105FA00F0084343F44013024643EC72
:10A29000102BF8BD2DE9F0430E4683B0012159EC97
:10A2A000108B1546FFF78EFB0446002844D0C9F3F7
:10A2B0000A57C9F313030FB143F480130193B8F1A4
:10A2C000000313D101A8FFF781FC019B6361012109
:10A2D000203021610FB3A7F233470744C0F13500A6
:10A2E00037602860204603B0BDE8F08368460093DD
:10A2F000FFF76CFCDDE9002330B1C0F1200103FA67
:10A3000001F1C3400A430193002B0CBF012102213C
:10A310006261A3612161002FDDD104EB8103A0F212
:10A32000324030601869FFF727FCC0EB411028600D
:10A33000204603B0BDE8F083034B0448224640F2B8
:10A340000F3102F073FB00BF30020108D002010898
:10A350002DE9F04383B0884669468146FFF73CFF0C
:10A3600001A9404655EC104BFFF736FFD8F81030E6
:10A37000D9F81020D21ADDE900315B1A03EB421341
:10A38000002B59EC108B0DDD05EB03573D46424683
:10A390004B4620462946F6F719FA41EC100B03B05C
:10A3A000BDE8F083C3EB033309EB03518946EEE7C5
:10A3B0000139491101F1010C116902F1140303EB98
:10A3C00081018B4200EB8C0C16D210B5A0F1040E6B
:10A3D00053F8044B4EF8044F9942F9D8891A1539AD
:10A3E00021F0030104300844844504D9002340F8D7
:10A3F000043B8445FBD810BD844505D9002340F8B3
:10A40000043B8445FBD87047704700BF03694A117D
:10A41000934200F1140009DA00EB830302E053F8E1
:10A42000042DAAB98342FAD80020704700EB8203BA
:10A43000F8DD11F01F01F5D010B450F8224024FAD5
:10A4400001F28A40944209D001205DF8044B704724
:10A450000120704753F8042D002AF5D18342F9D822
:10A4600000205DF8044B704749B1FF2A02D80A70FA
:10A47000012070478A2303604FF0FF307047084681
:10A48000704700BF000000002DE9F04FD7B00C4628
:10A49000069115460A93834602F072FA03681393F5
:10A4A0001846F6F7CDFD00211290082226A8FEF7E7
:10A4B0000BF8A389190603D52369002B01F0AE80A0
:10A4C0009FED777B00239E46CDE916EE8DED0E7B4A
:10A4D000CDE92B332DAB2A931C46CDF850E0CDF8B7
:10A4E00054E0CDF810E0CDF834E02F463D466E4BF9
:10A4F000D3F8E460FEF7DAF826AA0346009222A910
:10A500002A465846B047002800F09880C0F28E8056
:10A51000229A252A034601D01D44E8E7B5EB070837
:10A52000064640F08F8000234FF0FF328DF87F30D9
:10A530009A46059301352B78039201359946A9F186
:10A5400020035A2B00F2B280DFE813F04402B0007F
:10A55000B0004002B000B000B0002302B000B00074
:10A56000EE01FD01B000F9010602B00002025B003D
:10A570005B005B005B005B005B005B005B005B0003
:10A58000B000B000B000B000B000B000B0002501D5
:10A59000B0007C010203250125012501B000B000B7
:10A5A000B000B000FE02B000B0004E02B000B0003B
:10A5B000B000B901B000A402B000B000C007B00004
:10A5C000B000B000B000B000B000B000B000250195
:10A5D000B0007C01670125012501250122036701E7
:10A5E0006C00B0003B03B0002C03700345036C000B
:10A5F000B000B9016A00DD02B000B0003008B00060
:10A600006A00A9F13003002215F8019B02EB8202D7
:10A6100003EB4202A9F13003092BF5D905928EE72D
:10A620002B788AE72B784AF0200A86E70822002157
:10A6300026A8FDF749FF01231D4458E7B5EB07089D
:10A64000064612D0DDF8ACE02C9B0EF1010243442B
:10A65000072AC4E900782C932B9215DC0834049B5C
:10A6600043440493002E7FF45EAF2C9B002B41F0FB
:10A670006883069B9B8903F04003002B41F0C5874C
:10A68000049857B0BDE8F08F06992AAA584601F001
:10A69000F3FF0028EDD12DACE1E700BFAFF3008060
:10A6A000000000000000000010010020B9F1000FC0
:10A6B000DBD00023CDE90B3301228DF8F4908DF827
:10A6C0007F3007930892039311933DAF02922C9E23
:10A6D00010961AF0840300F0E4809DF87F2002B306
:10A6E0002B984FF0000801300122013662600728E4
:10A6F0000DF17F02CDE92B06226000F302840834BD
:10A70000B8F1000F0DD02B98013020AA023622603C
:10A7100007284FF00202CDE92B06626000F3E583C3
:10A720000834802B00F0EC82039B089AA3EB02080C
:10A73000B8F1000F00F329831AF4807F40F089827A
:10A74000089B63601E442B9B27600133072B2C96CC
:10A750002B9300F3728308341AF0040F05D0059B85
:10A76000029A9F1A002F00F3DA83DDE9043202997E
:10A770008A42ACBF9B185B180493002E40F03D83C7
:10A7800000232B93079B1BB107995846FEF7E2F86D
:10A790002DAC2F46AAE60A9B073323F00703B3EC40
:10A7A000027B8DED0E7B0A930F9B8DED1A7A23F0C1
:10A7B00000431B93DDE91A01B34B4FF0FF32F6F76C
:10A7C00075F9002840F02886DDE91A01AE4B4FF0FC
:10A7D000FF32F6F74DF90646002840F01D86DDE908
:10A7E0000E01002200232AF0800AF6F737F900282C
:10A7F00041F0F1819DF87F30B9F1470FCCBFA34FF5
:10A80000A34F002B41F0DF850322CDE90B330793E3
:10A81000089203931193029259E71AF0200F40F027
:10A82000B3850A9A1AF0100F52F8046B41F01B8797
:10A830001AF0400F0A9201F0168146F3C0384346E1
:10A8400036B295E10A9BB9F1430F03F1040603D038
:10A850001AF0100F00F0BB860822002128A8FDF78F
:10A8600033FE0A9B3DAF1A68394628AB584603F0C1
:10A87000E5F903460133089001F0C286089B23EAFC
:10A88000E37302930023CDE90B330A968DF87F30F2
:10A890002C9E0793039311931AF0840310967FF470
:10A8A0001CAF059A0298A2EB0008B8F1000F00F364
:10A8B00014849DF87F20002A3FF436AF10E7DDF8BE
:10A8C000288058F8047B00238DF87F30002F00F09B
:10A8D0009486B9F1530F01F013801AF010030B9313
:10A8E00041F00E80039B002BC1F219821A460B998E
:10A8F0003846F6F715FC9DF87F300790002801F0E8
:10A90000CB85079AD21B089222EAE27202920BB11F
:10A91000013202920B9BCDF82880039311930C9384
:10A9200007934FF07309D2E60A9B53F8042B059264
:10A93000002A80F21385059A0A93524205922B78D9
:10A940004AF0040AF9E52B238DF87F302B78F4E5E3
:10A950002B784AF0800AF0E5294611F8019BB9F1FD
:10A960002A0F01F04286A9F13003092B98BF00227B
:10A9700001F20C8411F8019B02EB820203EB42020C
:10A98000A9F13003092BF5D942EAE27303930D468E
:10A99000D5E5584601F0F4FF436815931846F6F7DD
:10A9A0004FFB17900646584601F0EAFF82682B7865
:10A9B0001692002E3FF4C1AD002A3FF4BEAD1278CE
:10A9C000002A3FF4BAAD4AF4806AB6E52B784AF023
:10A9D000010AB2E59DF87F202B78002A7FF4ADAD07
:10A9E00020228DF87F20A8E51AF0200F4AF01000F1
:10A9F00000F0BC840A9B073323F007031A4659680A
:10AA000052F8083B0A9200228DF87F20039A002A10
:10AA100018DB53EA010220F4906A15D1039A9AB91F
:10AA200010F001031A46029300F00B8730238DF8D3
:10AA30005731039B0892CDE90B33119307930DF225
:10AA4000571744E620F4806A56AF03F00702DB088C
:10AA500043EA4173C908303253EA0106384607F821
:10AA6000012DF2D11AF001030B9340F01E830399DC
:10AA7000119356AAD21B9142B8BF11460892029177
:10AA80000C93079323E600BFFFFFEF7F58030108F5
:10AA9000540301081AF0200F4AF0100138D10A9B24
:10AAA0001A1D0A9B03981B684FF0000840458DF85B
:10AAB0007F801E46C0F27C8521F0800A002B00F0CA
:10AAC0008B840A920A2E78F1000380F0B28306F19B
:10AAD0003003DBB2039A8DF85731012AB8BF012247
:10AAE00002929DF87F30012208920DF25717002B39
:10AAF00001F07585029B013302930023CDE90B33EE
:10AB000007931193E3E51AF0200F00F04E845146AD
:10AB10000A9B073323F007031A46D3F8048052F840
:10AB2000086B0A9200238DF87F30039B002BC0F244
:10AB3000408556EA080321F0800AC3D1039B002B0D
:10AB400000F04F840026C2E72B784AF0080AF4E4AC
:10AB50001AF0200F4AF0100300F019840A9A073205
:10AB600022F007029A46536852F8086B0A929846F8
:10AB7000002BC0F24D83039A002AA3DB56EA080398
:10AB80002AF0800A9ED1002A01F055803023A1E7E7
:10AB90002B78682B03BF6B784AF4007A01354AF0B2
:10ABA000400ACAE40A9A1AF0200F02F1040300F0E6
:10ABB0002184126804991160C91751600A932F46C5
:10ABC00094E42B786C2B03BF6B784AF0200A013594
:10ABD0004AF0100AB1E40A9A039F52F8040B0021CC
:10ABE00047F630038F42ADF880308DF87F10034672
:10ABF000C0F2E2842AF0800646F0020A002840F003
:10AC0000DD84002F01F01E800A923023012202977A
:10AC1000CDE907020C908DF857310DF257171190BE
:10AC20004FF078090B90844600F0A5BC1AF0200F75
:10AC300040F0B8830A9A1AF0100152F8043B41F030
:10AC40000F851AF0400000F0EF869BB20A92504642
:10AC5000D9E6B9F1650F40F3FA80DDE90E01002273
:10AC60000023F5F7F1FE002800F09D812B9BB24AEE
:10AC70002260013301360122072B2C962B93626050
:10AC800000F332860834219B0D9A934280F261834F
:10AC9000129B139A1E44C4E900232B9B2C9601336C
:10ACA000072B2B9300F39D8408340D9B5F1E002F10
:10ACB0007FF752AD102F2B9B41F31C849F49DDF889
:10ACC0001890109132464FF010080E4604E00834F8
:10ACD000103F102F40F3A68001331032072BC4E938
:10ACE0000068CDE92B32F2DD2AAA4946584601F028
:10ACF000C3FC002840F08980DDE92B322DACE7E76A
:10AD0000059B029AA3EB0208B8F1000F7FF70CAD88
:10AD10008A4B2B9A1093B8F1100F29DD214630464B
:10AD2000864C2E461023069D06E0A8F11008B8F1C7
:10AD3000100F01F1080118DD01321030072AC1E9B6
:10AD40000043CDE92B20F0DD2AAA2946584601F020
:10AD500093FC002859D1A8F11008B8F1100FDDE9D3
:10AD60002B202DA94FF01003E6DC35460C46064695
:10AD70000132109B23604644072ACDE92B26C4F8F4
:10AD8000048000F304860834CEE46C4B2B9A1093B5
:10AD9000B8F1100F24DD21461023069C06E0A8F12F
:10ADA0001008B8F1100F01F1080118DD01326348F5
:10ADB0001036072AC1E90003CDE92B26EFDD2AAAC8
:10ADC0002146584601F058FCF8B9A8F11008B8F12E
:10ADD000100FDDE92B262DA94FF01003E6DC0C4601
:10ADE0000132109B23604644072ACDE92B26C4F884
:10ADF000048000F3018208349EE406992AAA58468A
:10AE000001F03AFC00283FF4BBAC079B002B3FF459
:10AE100030AC07995846FDF79DFD069B9B8903F0D2
:10AE200040032AE416460133109A22603E44072B61
:10AE30006760CDE92B367FF78EAC06992AAA584673
:10AE400001F01AFC0028E0D12C9E2DAC84E42B9B51
:10AE500003F101080D9B012B06F1010604F108091D
:10AE600040F385810123B8F1070FCDE92B862760D8
:10AE7000636000F35482129B139A08F101081E4488
:10AE8000B8F1070FC9E90023CDE92B8600F35482FE
:10AE900009F108090D9BDDE90E015C1E002200236B
:10AEA000F5F7D2FD002840F07C8108F10108013758
:10AEB0002644B8F1070FCDE92B86C9F80070C9F810
:10AEC000044000F3618109F10809149AC9F80420CB
:10AED00008F101031644072B24AACDE92B36C9F843
:10AEE0000020AADC09F1080436E4069910932AAA86
:10AEF000584601F0C1FB002887D12C9E109B2DAC39
:10AF00000FE4069910932AAA584601F0B5FB0028D1
:10AF10007FF47BAF2C9E109B2DACFFF7F1BB084A52
:10AF20002B9B1092102F29DDAA46DDF818904FF0C8
:10AF3000100815460BE000BF94030108C407010880
:10AF4000D4070108103F102F04F1080415DD013368
:10AF50001036072BC4E90058CDE92B36F2DD2AAABA
:10AF60004946584601F088FB00287FF44EAF103F59
:10AF7000102FDDE92B362DACE9DC55460133109A54
:10AF80003E44072BC4E90027CDE92B367FF7EDAB14
:10AF900006992AAA584601F06FFB00287FF435AFC6
:10AFA0002C9EFFF7E2BB2199002940F353840B9BB1
:10AFB0000D9A9342A8BF1346002B99460ADD1E4402
:10AFC000C4E900732B9B2C960133072B2B9301F3C1
:10AFD000848008340B9BB9F1000FA8BFA3EB0903D1
:10AFE000002B984600F329830B9B1AF4806F3B4497
:10AFF00040F04C83219A0D998A4203DB1AF0010F2D
:10B0000000F02D86129913980E44C4E900012B9983
:10B010002C96013107292B9101F36B8008340D998F
:10B0200007EB0108A8EB03088F1AB845A8BFB8467C
:10B03000B8F1000F0BDD23602B9BC4F804800133B3
:10B040004644072B2C962B9301F3A5800834B8F1C6
:10B05000000FA8BFA7EB0807002F7FF77DAB102FCD
:10B060002B9B41F34782C549DDF818901091324679
:10B070004FF010080E4604E00834103F102F7FF701
:10B08000D1AE01331032072BC4E90068CDE92B3271
:10B09000F2DD2AAA4946584601F0EEFA00287FF46C
:10B0A000B4AEDDE92B322DACE7E7302A00F0528454
:10B0B0003023039907F8013C023856AB1B1A99421A
:10B0C0004FF00002B8BF1946CDE90B220792089352
:10B0D000074602911192FFF7FABADDF8ACE0A848F2
:10B0E00010991090B8F1100F724628DD1C9520467B
:10B0F000A34D069C1D93102606E0A8F11008B8F198
:10B10000100F00F1080017DD01321031072AC0E9E5
:10B110000056CDE92B21F0DD2AAA2146584601F040
:10B12000ABFA00287FF471AEA8F11008B8F1100F47
:10B13000DDE92B212DA8E7DC1C9D1D9B0446109802
:10B140002060501C08EB01060728CDE92B06C4F847
:10B15000048000F3A4839DF87F200834002A40F087
:10B160000181002B3FF4E0AA1346FFF7CDBA1AF095
:10B17000010F7FF477AE0123B8F1070FCDE92B86DD
:10B18000276063607FF7A1AE06992AAA584601F0AE
:10B1900073FA00287FF439AEDDE92B860DF1B4098E
:10B1A00093E60D9B012B7FF790AE112B41F30E829E
:10B1B00072491091324643461027DDF818800E463A
:10B1C00005E009F10809103C102C40F31B84013301
:10B1D0001032072BC9E90067CDE92B32F1DD2AAA2D
:10B1E0004146584601F048FA00287FF40EAEDDE9EA
:10B1F0002B320DF1B409E6E706992AAA584601F068
:10B200003BFA00287FF401AE2C9E2DACFFF794BAD8
:10B210002D238DF87F30039B764268EB4808002B86
:10B22000FFF650AC0A2E78F100032AF0800AFFF4F2
:10B230004EAC0AF480630022CDE9074956A9DDF837
:10B240005890029594461C4626E016EB08034D489C
:10B2500043F10003A0FB032020F0030202EB900265
:10B260009B1AF31A47484FF0CC32B646454602FBCC
:10B2700003F268F1000800FB0822A3FB0063BEF1A3
:10B280000A0F13444FEA560675F10005394646EA9F
:10B29000C3764FEA53082DD33A4D16EB080343F11A
:10B2A0000003A5FB032020F0030202EB90029B1A8F
:10B2B000F31AA3FB053268F100005B0805FB0022CE
:10B2C00043EAC27303EB8303A6EB430330330CF171
:10B2D000010C01F8013C4F1E002CB6D099F800304B
:10B2E0006345B2D1BCF1FF0FAFD00A2E78F1000355
:10B2F00080F0D28356AB0399029DCDF85890DB1BAA
:10B300001A469142B8BF1146DDF82090079C089379
:10B31000CDF834C09DF87F300291FFF7E8BB069965
:10B320002AAA584601F0A8F900287FF46EADDDE99D
:10B330002B860DF1B4099EE506992AAA584601F01C
:10B340009BF900287FF461ADDDE92B860DF1B4098E
:10B35000A0E51AF0010F3FF4FFA999E40A932B78B6
:10B36000FFF7EBB898460023FFF7BDB90A9B1A1DFB
:10B370000A9B0A921B680021FFF745BBC40701081E
:10B38000D4070108CDCCCCCC5346FFF7E7BB0A9AD3
:10B3900004320A990A920E684FEAE6789A464346C2
:10B3A000FFF7E6BB5046FFF725BB0A9A1AF01008D4
:10B3B00052F8043B41F051811AF0400100F03D8306
:10B3C0009EB2039B8DF87F80002BFFF67AAB2AF0AC
:10B3D000800A002E7FF475AB039B0A92002B7FF44A
:10B3E000B1ABCDE90B33089311930293079356AF9A
:10B3F000FFF76DB91AF0100F40F0D5821AF0400F28
:10B4000040F087841AF4007F00F0CD820A9A0499F4
:10B4100012681170FFF7D2BBDDE90E0102460B4640
:10B42000F5F744FB0646002840F0B687B9F1610FF6
:10B4300000F04285B9F1410F00F0C486039B01334F
:10B4400000F0A784B9F1670F0F9B4AF4807800F0F1
:10B450006887B9F1470F00F064870790DDE90E12A5
:10B46000002AC0F27A879DED0E7B8DED187B0023BC
:10B470001093A9F14103252B00F20884DFE813F0B3
:10B4800016070604060406049004FB0406040604DA
:10B49000060406040604060406040604060406045C
:10B4A000060406040604060406040604060406044C
:10B4B000060406040604060406040604060406043C
:10B4C00016070604060406049004FB04B64E1AF0A0
:10B4D000200100F092810A9B073323F007031A46EC
:10B4E000596852F8083B0A921AF0010200F0648190
:10B4F00053EA010200F0E88130228DF8802000221A
:10B500008DF87F20039A8DF88190002AC0F28F81F8
:10B510002AF4906242F0020A03F00F020AF00200DD
:10B52000B25C8DF857211B0943EA01730A0953EAFB
:10B5300011110DF257170BD003F00F011B09715CAD
:10B5400007F8011D43EA0273120953EA0201F3D11D
:10B55000039A56AB4FF0000CDB1B9A42CDE90BCCA3
:10B56000B8BF1A4608930292CDF81CC0CDF844C06B
:10B5700000283FF4ACA8029BDDE92B0602330293BE
:10B580001AF084031096864606D10599029AA1EB1B
:10B590000208B8F1000F07DCBCF1000F3FF4B4A8BB
:10B5A0004FF00208FFF79FB8022398E57F4E8EE721
:10B5B0000A928A46FFF786BA4AF0020A0A927B4E3E
:10B5C00003F00F020220B25C4FF07809A9E70A9B52
:10B5D0001B688DF8F4300123029308933DAFFFF709
:10B5E00051B906992AAA584601F046F800287FF476
:10B5F0000CAC2C9E2DACFFF758BB039BCDF82880DC
:10B60000062B3A4628BF0623CDE907730397CDE9F9
:10B610000B22674F02931192FFF759B84021584609
:10B62000FDF7E2FE069B18601861002801F0068015
:10B63000069A40235361FEF743BFB8F1100F2B9BCE
:10B6400040F3C0875B48109022463146069C4FF07D
:10B650001009064606E00832A8F11008B8F1100FEC
:10B6600040F3A98201331031072BC2E90069CDE90B
:10B670002B31F0DD2AAA2146584600F0FDFF0028B4
:10B680007FF4C3ABDDE92B312DAAE5E70D9ADDF898
:10B690004480CDF840A0BA18039222461C460C9B69
:10B6A000DDF85890DDF818A00B95002B3146119766
:10B6B000179E31DDB8F1000F40F3108108F1FF381B
:10B6C0002B98159B013031440728C2E900362C9194
:10B6D0002B9000F3A1800832039B99F800001F1BF8
:10B6E0008742A8BF0746002F0CDD2B980130394454
:10B6F0000728C2E900472C912B9000F33B8199F871
:10B7000000000832002FACBFC51B0546002D15DC1C
:10B7100004440C9B002BCDDCB8F1000FCEDC23469B
:10B72000119F0B9DDDF840A0CDF8589014460D9A5E
:10B73000BA1893420E4628BF13465BE4102D2B988F
:10B740001C4B23DD089410272C461D4604E0103CBA
:10B75000102C02F1080216DD0130164B10310728BB
:10B76000C2E90037CDE92B01F1DD2AAA514658463E
:10B7700000F082FF00287FF448AB103C102CDDE97C
:10B780002B012DAAE8DC2B462546089C13600130CE
:10B7900029440728CDE92B01556000F37A8399F8F5
:10B7A000000008320444B4E7780301086403010888
:10B7B0008C030108C40701088DF87F20039A002A32
:10B7C00037DB53EA01022AF4906A7FF4A5AE039AAC
:10B7D000002A00F0EE80012A33788DF85731B8BF87
:10B7E0000122002302920122CDE90B330793089234
:10B7F00011930DF25717FEF76ABF0A9A52F8043BED
:10B800000A921AF010027FF46FAE1AF0400000F0B6
:10B8100035819BB2114667E62AAA5146584600F088
:10B820002BFF00287FF4F1AA2C992DAA54E74AF0A7
:10B83000020A03F00F020AF00200B25C2AF4806AE6
:10B840006FE6039B0893CDE90B331193079356AF33
:10B85000FEF73DBF2B9BB54A226001330136012222
:10B86000072B2C962B93626000F3C98108340029C2
:10B8700040F0A9800D9A0AF0010313433EF46CAF27
:10B88000129B139A1E44C4E900232B9B2C96013370
:10B89000072B2B9300F3708204F10802A4E00699B1
:10B8A00010932AAA584600F0E7FE00287FF4ADAABC
:10B8B0009DF87F202C9E109B002A7CD098462DACB2
:10B8C00003462B98FEF70FBF039B002083428DF8A1
:10B8D0007F00C0F2D9802AF4906A78E70C9B013B84
:10B8E00009F1FF390C93EBE606992AAA584600F0B5
:10B8F000C3FE00287FF489AA2C9E2DACFFF7C3B9A4
:10B900000822002128A82397FCF7DEFD039B002BCB
:10B91000C0F2108100260295CDF81C80354698466D
:10B920000EE03DA9584602F089F9411C284400F078
:10B930002185404509DC06F1040600F02685054610
:10B94000239A925928AB002AEBD10895DDF81C8088
:10B95000029DFDE0039956AAD21B91424FF00003CD
:10B96000B8BF1146CDE90B330793089202911193AA
:10B97000FEF7ADBE2AAA5146584600F07DFE0028CB
:10B980007FF443AA99F800002C992DAABAE60699EB
:10B990002AAA584600F070FE00287FF436AA2C9E92
:10B9A0002DACFEF7C1BE0A9A049912681160FFF728
:10B9B00005B9039B15E5002B00F05B812B9813461E
:10B9C0002DACFEF7A1BE129B139A1E44C4E90023BE
:10B9D0002B9B2C960133072B2B9300F3CD8104F185
:10B9E00008020029C0F22A840D99176001330E4421
:10B9F000072BCDE92B3651603FF71FAA02F108044F
:10BA0000FEF7AABE1646984608F10108109BC9F831
:10BA100000302644B8F1070FCDE92B86C9F8044061
:10BA20007FF751AAFFF7B0BB1AF400711CBF0146A3
:10BA3000DBB20A925046FEF7E6BF1AF4007840F0F7
:10BA40001B8103998DF87F8000291E46FFF639A8D7
:10BA50002AF0800A002B7FF434A80B460A920029B2
:10BA60007FF470A8BDE41AF4007F16BF46F3C01837
:10BA70004FEAE67876B24346FFF77AB81AF40071D7
:10BA80001CBFDBB201462FE533788DF857312AF41D
:10BA9000806A0DF257175BE5179A1599BF1A384659
:10BAA00000F03AFF99F801300BB109F10109204A81
:10BAB00016EB080343F10003A2FB030525F0030086
:10BAC00000EB95001B1AF31A4FF0CC3168F1000817
:10BAD00003FB01F102FB0811A3FB023001445B08E8
:10BAE00043EAC1764FEA510816EB080343F100031D
:10BAF000A2FB031020F0030101EB90015B1AF31A83
:10BB0000A3FB023168F100005B0802FB001243EA6C
:10BB1000C27303EB8303A6EB4303303307F8013C06
:10BB20004FF0010C013FFFF7D9BB00BF94030108A0
:10BB3000CDCCCCCC28AB00930023194623AA584681
:10BB400002F0A2F803460133089000F01384239713
:10BB5000089B002B5FD0632B40F3FE80591C584696
:10BB6000FDF742FC0746002800F05D85079008229B
:10BB7000002128A8FCF7A8FC089E28AB009323AA64
:10BB800033463946584602F07FF8864240F04585F4
:10BB9000089A0023BB5422EAE27202929DF87F20A9
:10BBA000002A40F07083CDE90B220392CDF8288063
:10BBB0001192FEF78CBD14460E460133109A226096
:10BBC0004644072BCDE92B36C4F8048000F3C88027
:10BBD0000834FFF709BA2D23B9F1470F8DF87F30EC
:10BBE00007963346039600F3A8800322B04F0892CD
:10BBF000CDE90B33119304230293FEF768BD069938
:10BC00002AAA584600F038FD00287FF4FEA82199A2
:10BC10002C9E2DAC2BE69DF87F30CDF82880003B84
:10BC200018BF01230293089B0393CDE90B331193B3
:10BC30000793FEF74CBD9DF87F300292089256AFF5
:10BC4000FEF755BF039B0A920C93119308930B9335
:10BC5000029356AF07934FF078099C468BE407EBAD
:10BC60000108A8EB03088F1AB845A8BFB846FFF72C
:10BC7000EEB92DACFEF758BDDEB2039B8DF87F10F8
:10BC8000002B8846BFF6A3ABFEF71BBF28AB019382
:10BC900023AB00939DED180B039A21AB022158466C
:10BCA00000F0B2FF07461AF0010F40F0B782289B60
:10BCB000DA1B219B0D92D81C0B93C0F229820399A9
:10BCC0009942C0F2B8819A4200F3AD820B9B08936F
:10BCD0001AF4806F03D00B9B002B00F3A083089B0A
:10BCE00023EAE373C24602934FF0670900231193DE
:10BCF0000C93109B0AF00200002B00F0C0804FF064
:10BD00002D0C8DF87FC0029B013302930023039317
:10BD10002EE40A9A049912681180FEF74FBF384644
:10BD2000F5F78EF99DF87F30089020EAE0720292D4
:10BD3000002B3EF4EFADFEF7EBBD03225D4F089202
:10BD400056E7069C2AAA2146584600F095FCA3898E
:10BD500003F04003FEF791BC002307933DAF06E7D5
:10BD600006992AAA584600F087FC00287FF44DA8BF
:10BD70002C9E2DACFFF738B906992AAA584600F038
:10BD80007BFC00287FF441A8DDE92B3621992DAA00
:10BD900027E60623079003934AF48078FFF75EBBFB
:10BDA000039B01330D9302210D9E28AB019323AB1E
:10BDB0000093324621AB9DED180B584600F024FF4E
:10BDC00029F02003462B07460293064400F05281D7
:10BDD000DDE9180100220023F4F736FE002840F0C8
:10BDE0000F83289B9E4240F2098345220292302114
:10BDF0005A1C28921970289BB342F9D3DB1B0D9370
:10BE0000219B0B93029B472B00F00E81029B462B3C
:10BE100000F049810B9B8DF89090013B002B219302
:10BE2000C0F27D812B22092B8DF8912000F38081B7
:10BE300030228DF892200DF19302303302F8013B4D
:10BE400024ABD31A14930D9B149A012B1A44089215
:10BE500040F38B82089B129A13440893089A2AF4A1
:10BE6000806343F4807A22EAE2720023CDE90B3347
:10BE7000119302923DE7039B0D93032194E79DF8F4
:10BE80007FC0BCF1000F7FF43EAF109B0393FFF720
:10BE90006FBB2AAA5146584600F0EEFB00287EF4FC
:10BEA000B4AF99F800002C992DAA044431E400BFE6
:10BEB000540301085803010847F63003ADF88030F9
:10BEC000039B632B4AF0020A00F30E82DDE90E1297
:10BED000002AC0F2E38121A89DED0E0B00F074FD55
:10BEE000002251EC100B4FF07F53F4F745FB024654
:10BEF0000B46CDE9082300230022F4F7A5FD0346F5
:10BF0000002800F0D9820123109621933DAF0796B7
:10BF1000A84B0293039B0B94591ECDE90C9A0395F1
:10BF2000029EDDE90845B8468A4609E00022002362
:10BF30000AF1FF39F4F788FD002840F04A82CA462A
:10BF40009D4B002220462946F4F716FB0D46044679
:10BF5000F4F7C2FD8146F4F7A5FA02460B462046E7
:10BF60002946F4F751F916F80930BAF1FF3F424675
:10BF7000044608F8013B0D46D8D116468F4BDDF834
:10BF800034A00022CDE90845039D0B9CCDF80C9010
:10BF9000DDF83090F4F780FD48B9DDE90801874B02
:10BFA0000022F4F751FDE0B1039BDB0719D5029B9A
:10BFB0002896D97B18F8012C9142434609D13020AC
:10BFC00003F8010C289B5A1E289213F8012C8A4270
:10BFD000F6D0392A0BBF029A0132927AD2B203F814
:10BFE000012C219AA8EB07030D93B9F1610F02F11F
:10BFF000FF33219300F0B78250214FF04109002B0D
:10C000008DF89010C0F28D822B22092B8DF8912093
:10C0100000F38E800DF192020FE7219B0B93F31B2F
:10C020000D93029B472B3ED10B9B033370DB039B8D
:10C030000B9A934210DA0B9B013BA9F10209002BEA
:10C040008DF890902193BFF6EDAE0B9B2D22C3F19E
:10C0500001038DF89120EBE60D9B0B9A934200F3C0
:10C06000E2801AF0010F0B9B00F02482129A134415
:10C0700008932DE63B78302B00F0C581219B1E44B0
:10C08000DDE9180100220023F4F7DEFC0028C4D10A
:10C09000289B9E423FF6ABAEDB1B0D93219B0B937F
:10C0A000029B472BC0D00B99039A0AF00103002989
:10C0B00043EA020340F36282002B40F0D9810B9BDC
:10C0C00008934FF066091AF4806F40F0AA81089B2C
:10C0D00023EAE373C246029308E606992AAA584661
:10C0E00000F0CAFA00287EF490AE2C9E2DACFEF72C
:10C0F00071BF069903932AAA584600F0BDFA00289A
:10C100007EF483AE219A2C9E039B2DACFEF787BF55
:10C110000B9BA9F10209013B8DF8909021930B9B99
:10C12000C3F101032D22092B8DF891207FF780AEFA
:10C130000DF1A706DFF888C032461046ACFB0312AB
:10C14000D20802EB8201A3EB4101303100F8011C5F
:10C1500019466329134600F1FF32EEDC303302F852
:10C16000013C831EB34280F01F820DF1910213F84F
:10C17000011B02F8011FB342F9D103F5AC736B4404
:10C18000C43B1B1A24AA9B1A14935CE600230D4699
:10C190000393FEF7D4B906992AAA584600F06CFA20
:10C1A00000287EF432AE219F0D9B2C9EDF1B2DAC10
:10C1B000FEF74DBF64030108000030400000E03F7F
:10C1C000CDCCCCCC45F63003ADF88030039B632B4F
:10C1D0004AF0020A00F38880DDE90E12002A5DDBD6
:10C1E00021A89DED0E0B00F0EFFB00224FF07F53D6
:10C1F00051EC100BF4F7C0F902460B46CDE90823C9
:10C2000000220023F4F720FC08B10123219300232E
:10C21000AC4A1093029207933DAF7BE6039BFE1856
:10C22000472302932CE70D9B129A9A180B9B0892B6
:10C23000002B40F326814FF0670944E7C1F1000865
:10C24000103180F2E781A048109031461024064654
:10C2500005E00832A8F11008B8F1100F52DD0133E3
:10C260001031072BC2E90064CDE92B31F1DD0699CD
:10C270002AAA584600F000FA00287EF4C6ADDDE98F
:10C280002B312DAAE6E7029A03930132CDE90B3355
:10C290000292CDF828801193FEF719BA02F10043FB
:10C2A00019932D23189107963DAF109321A89DED6A
:10C2B000180B00F089FB00224FF07F5351EC100B5C
:10C2C000F4F75AF902460B46CDE908230022002371
:10C2D000F4F7BAFB08B101232193B9F1610F3FF4E0
:10C2E00017AE784B029315E6039B5846591CFDF791
:10C2F0007BF80746002800F0838107904AF4807895
:10C30000FFF7ACB80E460133109911604644072B75
:10C31000CDE92B36C2F8048000F30D810832FFF717
:10C3200063BB039A002A00F01381002BC0F21D8129
:10C330009DED0E7B8DED187B109628AB019323AB02
:10C3400000939DED180B21AB039A0221584600F093
:10C350005BFC002307460793A5E402F10043199311
:10C360002D2318911093FFF784B81AF0010F3FF4B2
:10C3700075AD6FE5069BB3F90C300022079243F0D0
:10C380004003069A9381FEF740BD039B029DDDF8B2
:10C390001C800893FFF7DCBB0F9B13F000432AF0CF
:10C3A000800A0B9300F0AA802D238DF87F30B9F11D
:10C3B000470F4FF000030793039340F30B810322D1
:10C3C000424F089214E400230322CDE9073203937D
:10C3D0000EE451460029DDE90C9A039D0B9CFFF603
:10C3E00000AE4A1C42444346302003F8010B9342FE
:10C3F000FBD108EB010303F10108F2E5DB1B0D9310
:10C40000219B0B9306E5DDE9180100220023F4F7D8
:10C410001BFB002869D0219B0B931E44FFE54FF0C6
:10C42000670916990B78FF2B00F0048100260B9A00
:10C43000304603E001300131FF2B08D0934206DA89
:10C44000D21A4B78002BF5D10B780136F4E7CDE901
:10C450000B20169111960C9A119B17991344089A68
:10C4600001FB0323089323EAE373C246029340E4EB
:10C4700013460B449946129B4B4408934FF06609B0
:10C4800021E6C3F101031A4422EAE273C24608928C
:10C4900002934FF0670929E4CDF82880D3B1039BBC
:10C4A00008935A1C0292039011900C904FF073095C
:10C4B000FEF70DB908930BE4054A10930292079317
:10C4C0003DAF27E578030108C407010860030108B0
:10C4D00064030108039B08930293079B11930C9339
:10C4E00003934FF07309FEF7F2B80D9BC3F10103FC
:10C4F0002193C4E55D4A1092FEF795BC9DF87F300C
:10C50000B9F1470FCCBF5A4F5A4F002B40F09A80D9
:10C5100003220393089211930C9307930292FEF760
:10C52000D6B8C2F10103092B4FF02D028DF89120EE
:10C530003FF7FEAD6EE506992AAA584600F09CF832
:10C5400000287EF462ACDDE92B362DAAFFF74CBA49
:10C55000002B2CDB9DED0E7B039B109301238DEDB7
:10C56000187B0393E9E6702149E5DDE90E1202F13B
:10C57000004319932D2318911093DEE6C24633B978
:10C58000012302934FF066090893FFF7AFBB129B9C
:10C5900003F10109039B4B44089323EAE3730293DD
:10C5A0004FF06609FFF7A2BB022314934BE4DDE9C9
:10C5B0000E1202F1004319932D23109301231891B9
:10C5C0000393BAE6294A1092FFF7F7BA274B109364
:10C5D000FFF71ABA0322274F0892FFF709BBCDE9EC
:10C5E0000B3307931193FEF772B80A9A6B780D46D6
:10C5F00052F8041B0A9241EAE1710391FDF79DBFD5
:10C60000069A938943F0400393814FF0FF330493DC
:10C61000FEF736B81549109175E6069BB3F90C3054
:10C6200043F04003ADE6069B0790B3F90C3043F0AE
:10C630004003A6E6002311930C930CE70C23CBF8E0
:10C640000030E2E70023039311930C930793032335
:10C65000089304230293FEF73AB85146FEF721BA35
:10C660005046FEF785BE5346FEF793BEC407010849
:10C67000600301085C0301082DE9F8431546926840
:10C680002C68FAB180468946083401E00834CFB1FD
:10C690006B68591E002B1746696013DD54F8046C53
:10C6A000002EF3D0334654F8082C4946404602F099
:10C6B000A1FC431C07D0AA68921B1746AA60083445
:10C6C000002FE5D100200023C5E90133BDE8F88340
:10C6D00070B500293FD006460C4610B1436B002BC5
:10C6E0003CD0636EB4F90C20DD0732D4900538D508
:10C6F0002146304600F04CF8E36A054633B1E16963
:10C70000304698470028B8BF4FF0FF35A3891A0676
:10C7100039D4216B41B104F14003994202D0304633
:10C72000FCF718F900232363616C21B13046FCF754
:10C7300011F900236364FBF709FE636E0022DB0737
:10C74000A2811CD5A06DFCF74FF8FBF705FE28462B
:10C7500070BD002ACCD10025284670BDFBF7D8FD5E
:10C76000BFE7A06DFCF742F8B4F90C30002BBFD145
:10C77000636ED907EFD4A06DFCF73AF8EBE7A06D34
:10C78000FCF736F8DEE721693046FCF7E3F8C0E74E
:10C79000B1F90C202DE9F04115070C4680464ED426
:10C7A000496842F400630029A38163DDA66A002E74
:10C7B00042D0002112F48052D8F80050C8F800107E
:10C7C00065D1E16901234046B0470246501C6CD058
:10C7D000B4F90C30A66A590705D56368D21A236BE1
:10C7E0000BB1E36BD21A0023E1694046B047421C0B
:10C7F000B4F90C304DD1D8F800101D2940D8304A7A
:10C80000CA40D7073CD52269226023F40062A28186
:10C81000DE044FF00002626001D5002943D0216B95
:10C82000C8F8005041B104F14003994202D040469B
:10C83000FCF790F8002323630020BDE8F0810E6927
:10C84000002EF9D00D680E6092070CBF4B690023D3
:10C85000AD1B8B600BE02B463246E169676A4046B0
:10C86000B847B0F1000CA5EB0C05664406DD002DC1
:10C87000F1DCE1E7E16B002998DCDDE7B4F90C308D
:10C8800043F04003A3814FF0FF30BDE8F081226DFB
:10C89000A1E72269226023F40062A281DB044FF049
:10C8A00000026260BBD52065B9E7D8F80030002BE4
:10C8B0008ED01D2B01D0162BE0D1C8F80050BBE75D
:10C8C0000100402038B50C46054608B1436B03B360
:10C8D000B4F90C0088B1636EDB0701D481050FD574
:10C8E00028462146FFF754FF636EDA07054602D457
:10C8F000A3899B0508D5284638BD0546284638BD7E
:10C90000A06DFBF773FFEBE7A06DFBF771FF284607
:10C9100038BDFBF7FDFCDBE740EA01039B0710B5E0
:10C9200001D1032A17D8844601F1FF3E07E01EF823
:10C93000011F03F8011B541E29B19C462246634681
:10C94000002AF4D110BD9444002CFBD003F8011B45
:10C950006345FBD110BD8E468446DEF80040A4F14D
:10C96000013323EA040313F0803F71460EF1040EF5
:10C97000DAD1043A032A4CF8044BEED87146D3E7D7
:10C98000004870470002002038B5074D00220446D9
:10C9900008462A6003F072F9431C00D038BD2B68AA
:10C9A000002BFBD0236038BD500A0020082802D19C
:10C9B0004FF48050704708B5FBF7D2FE1623036092
:10C9C0004FF0FF3008BD00BF70B555EC104B064668
:10C9D000134825F000430021834231601DD82046D2
:10C9E00018431AD00F4828402A4658B90E4B002247
:10C9F00020462946F3F7C0FD0A4621F000430446CD
:10CA00006FF035011B156FF31E52A3F2FE3342F097
:10CA10007F550B4445F40015336045EC104B70BD59
:10CA2000FFFFEF7F0000F07F0000504300B50B4C8C
:10CA300025681446EE681A4685B003460D464CB18B
:10CA400007490095CDE901143046064901F028F95F
:10CA500002F09CFD04490C46F3E700BF7C02002075
:10CA600098030108A8030108A403010838B5A1FB35
:10CA7000021454BBFCF7B8FC054650B350F8042C24
:10CA800022F00302043A242A10D8132A13D91B2AAD
:10CA9000C0E9004416D9242AC0E902440ABFC0E90B
:10CAA000044400F1100200F1180205E02146FBF7F2
:10CAB0000BFD284638BD02460023C2E900339360CF
:10CAC000284638BD00F10802F6E7FBF749FE0C23C3
:10CAD00003600025284638BD2DE9F04F03690C6935
:10CAE000A34283B0C0F28A80013C01F1140500F139
:10CAF000140855F8243058F8242001339A428E4601
:10CB000081464FEA840105EB840708EB840AB2FBF7
:10CB1000F3F63AD3CDE900150022AC464046134661
:10CB20005CF8041B05681FFA81FB06FB0B22090C4D
:10CB30004FEA124B06FB01BB92B2A9B2891A194403
:10CB40001FFA8BF3C3EB214303EB154389B241EA90
:10CB50000341674540F8041B4FEA1B424FEA234359
:10CB6000DED2DDE9001558F8013073B9AAF1040AE4
:10CB7000D04504D307E0D04504F1FF3403D25AF87E
:10CB80000439002BF7D0C9F8104071464846FDF72C
:10CB900015FA00282EDB4146002255F8040BD1F887
:10CBA00000C01FFA80FE1FFA8CF3A3EB0E031344A0
:10CBB000020CC2EB234202EB1C429BB243EA02434B
:10CBC000AF4241F8043B4FEA2242E6D258F8242013
:10CBD00008EB84036AB9043B434504D807E0984551
:10CBE00004F1FF3403D253F80429002AF7D0C9F81E
:10CBF00010400136304603B0BDE8F08F002003B08E
:10CC0000BDE8F08F000000002DE9F04FA1B0CDE9A4
:10CC10000A320291816B2A9D8DED040B57EC106B4B
:10CC2000044641B1C26B4A60012393408B60FCF71C
:10CC3000EFFE0023A363B7F10009B4BF0123002373
:10CC40002B60BD4BBCBF29F00049CDF8149033EAEE
:10CC5000090300F0A1809DED047B002251EC170B2D
:10CC600000238DED007BF3F7EFFE824668B10A9A50
:10CC7000012313602B9B13B12B9AB04B1360B04B65
:10CC80000793079821B0BDE8F08F9DED000B1EAA19
:10CC90001FA92046FDF7FEFA5FEA19581E9D09906C
:10CCA00040F090801F9B05EB030808F23243202BD5
:10CCB00040F32C82C3F1400309FA03F908F212434E
:10CCC00026FA03F349EA0300F3F7DCFB012208F13B
:10CCD000FF38A1F1F873129219460022994BF3F72D
:10CCE00093FA8FA3D3E90023F3F746FC8EA3D3E98D
:10CCF0000023F3F78BFA064640460F46F3F7D2FBC4
:10CD00008BA3D3E90023F3F737FC02460B463046EA
:10CD10003946F3F77BFA06460F46F3F7DDFE0022AD
:10CD200081460890002330463946F3F797FE0028E5
:10CD300040F01281089EA5EB0805162E05F1FF3B79
:10CD400000F2D980804B03EBC603D3E90023DDE971
:10CD50000001F3F783FE002840F0D281002D40F35C
:10CD600082850F90B3440E960C9000230D93029B86
:10CD7000092B3BD8052BC4BF043B0293029BA3F1B4
:10CD80000203CCBF00250125032B31D8DFE813F0C7
:10CD9000E902E602DC02C7010A9AC9F3130942F26A
:10CDA0000F7359EA0609136019D12B9B002B00F071
:10CDB0003687664B079308332B9A0798136021B088
:10CDC000BDE8F08FDDE90001C1F3130343F07F53A9
:10CDD000A8F2FF38CDF848A043F440137CE72B9B22
:10CDE000002B40F098815A4B07934AE700230293A7
:10CDF0000025E56329462046FCF7E4FD079000285E
:10CE000000F0A886079BA3631F9B002BC0F2B28093
:10CE1000089A0E2A00F3AE804B4B03EBC20393ED4E
:10CE2000007BDDE9008957EC176B404632463B46F4
:10CE300049468DED027BF3F7C9FCF3F74DFE05463D
:10CE4000F3F730FB32463B46F3F796FB0B460246C0
:10CE500049464046F3F7D8F905F13003079D05F838
:10CE6000013B4FF0FF3A00944FF001095446DDE9D1
:10CE700002AB1DE052465B4630463946F3F7A6FC4E
:10CE8000F3F72AFE8046F3F70DFB52465B46F3F7B5
:10CE900073FB09F101090B46024639463046F3F7A8
:10CEA000B3F908F13003A14505F8013B00F03885DE
:10CEB000284B0022F3F760FB0022002306460F46B2
:10CEC000F3F7C2FD0028D5D0089F009C0137AB4680
:10CED00009992046FCF79CFD00238BF800300A9B43
:10CEE0001F602B9B002B3FF4CCAE0798C3F800B01B
:10CEF00021B0BDE8F08F01230F93BBF1000FC0F20A
:10CF0000F98000230C93089B002B80F2F0800C9A90
:10CF1000089BD21A5B420D9300230C920E9326E7D6
:10CF200061436F63A787D23FB3C8608B288AC63F2F
:10CF3000FB799F501344D33F0000F07F9503010815
:10CF4000940301080000F83FF8050108D803010820
:10CF5000E4030108000024404846F3F7A3FA3246F0
:10CF60003B46F3F771FD00287FF4E4AE09F1FF338F
:10CF70000893DFE64FF0FF3A0B95CDF858A0129AD0
:10CF8000002A40F0F1811E9B0D9FC3F136030C9ADD
:10CF900001212046D5189B44FCF758FE0C9A064602
:10CFA000002A40F07A830D9B002B00F0EF83002FC6
:10CFB00040F0D3830D9A09992046FCF72BFF0123FB
:10CFC00009900D9301212046FCF740FE0E9B009036
:10CFD000002B40F00183029B012B40F3848301204E
:10CFE000584410F01F0000F0C781C0F12003042B4B
:10CFF00040F392830C9BC0F11C00034405440C9346
:10D000008344002D05DD09992A462046FCF762FF7E
:10D010000990BBF1000F05DD00995A462046FCF748
:10D0200059FF00900F9B002B40F0EC82BAF1000FEB
:10D0300040F3AD820D9B002B40F0FA81089F013731
:10D04000DDF81C80DDF824B0DDF80090012507E054
:10D05000594600230A222046FCF7E4FC01358346AA
:10D0600049465846FFF738FD554500F1300008F8AD
:10D07000010BEDDB079BCDF824B0BAF1000F0AF1EC
:10D08000FF3503F10102D8BF002505EB020A8146F6
:10D090000025099901222046FCF71CFF0099099000
:10D0A000FCF78CFF002840F37483079A02E0924556
:10D0B00000F07A83D3460AF1FF3A1BF8013C392B82
:10D0C000F5D001338AF8003000992046FCF7A0FC27
:10D0D000002E3FF4FDAE2DB1B54203D029462046C7
:10D0E000FCF796FC31462046FCF792FCF0E69B44A8
:10D0F0000E933AE6C5F101030C934FF0000B02E7E3
:10D10000089B013B089300230F93F6E6C3F120032D
:10D1100006FA03F0D8E5B74B079303334CE6012337
:10D1200014930B9B089A134403F1010A5646012EEF
:10D130001693B8BF0126172E40F361850122042300
:10D140005B0003F11400B042114602F10102F7D96D
:10D15000E1632046FCF736FC0790002800F0FA84D3
:10D16000BAF10E0FA06300F20E81002D00F00B81CA
:10D17000089A002A40F34E839F4902F00F0301EB07
:10D18000C303D105D3E900674FEA221540F1E683D6
:10D190009A4BDDE90001D3E90823F3F717FBCDE94A
:10D1A000100105F00F054FF0030985B1DFF84C823F
:10D1B000EA0740F1DD8030463946F8E80223F3F70C
:10D1C000DBF96D1009F1010906460F46F0D1DDE9E2
:10D1D000100132463B46F3F7F9FACDE910010F9BF7
:10D1E00053B1DDE91067864B002230463946F3F72C
:10D1F00035FC002840F060844846F3F753F9DDE938
:10D200001023F3F7B9F97F4B0022F2F7FFFF064630
:10D21000A1F15077BAF1000F00F0D982089B1D935D
:10D22000CDF85CA0744B17991C93CDE91A6703EBFA
:10D23000C103DDE9105613ED027B314628468DED22
:10D24000187BF3F749FC00F130035FFA83F8F3F73A
:10D2500029F90B46024631462846F2F7D5FF079BCF
:10D260000F4614995D1C06461095002900F0A9830D
:10D27000DDE9182364490020F3F7A8FADDE91A2351
:10D28000F2F7C2FF079B324683F800803B46CDE9A8
:10D290001401F3F701FC002840F06F84DDF85C8096
:10D2A000CDF860B0CDF85CA04FF00009DDE914AB1B
:10D2B00010942BE009F10109C14580F2CA81534B5A
:10D2C000504659460022F3F757F9504B0022824648
:10D2D0008B4630463946F3F74FF90F460646F3F7CB
:10D2E000FBFB0446F3F7DEF802460B4630463946B0
:10D2F000F2F78AFF303405F8014B52465B4606468A
:10D300000F46F3F7ABFB002840F0368432463B462D
:10D310003B490020F2F778FF52465B46F3F79EFB4D
:10D320000028C7D01D9E109C079A013602E0954246
:10D3300000F0F283AB4615F8013D392BF7D00133ED
:10D34000DBB22B703746C3E5012314930B9B002BF4
:10D3500040F3B2810B9E1696B246ECE6002314937E
:10D36000DFE600231493F1E70D9F03F233430EE64B
:10D370006D1008F108081BE71C230C9A1A441D4481
:10D380000C929B443DE61F9B002BC0F25781089AEC
:10D390000E2A00F35381184B1C931C9B089A03EB35
:10D3A000C20393ED007B0B9B002B8DED027B80F283
:10D3B000DC82BAF1000F00F3D88240F02182144BD6
:10D3C0000022DDE90201F3F7D7F802460B46DDE95A
:10D3D0000001F3F74DFB5146002840F01282DDF8C2
:10D3E0001CB031230BF8013B2046FCF711FB089FD2
:10D3F00002376DE5E4030108F8050108D0050108CE
:10D400000000F03F00001C400000E03F000024400E
:10D4100000001440314600230A222046FCF702FB9C
:10D42000169B002B064640F3E083DDF858A00895D4
:10D430000C9B002B05DD31461A462046FCF74AFDC1
:10D4400006460E9B002B40F05482B046079D05F126
:10D45000FF3B0BEB0A030C93049BDDF824B003F0B5
:10D4600001030D9300995846FFF736FB314682467B
:10D470005846FCF7A3FD0099074642462046FCF7B4
:10D48000BFFDC3680AF130090146002B36D10B906D
:10D490005846FCF793FD0B9909902046FCF7B8FA23
:10D4A000099B002B58D1029B1BB90D9B002B00F050
:10D4B0008583002FC0F24B830C9BAA469D420AF83D
:10D4C000019B00F07682594600230A222046FCF791
:10D4D000A9FA4645834631464FF000034FF00A0251
:10D4E000204633D0FCF79EFA4146064600230A2226
:10D4F0002046FCF797FA55468046B3E72046CDF81C
:10D5000024B0FCF785FA002F06DB049B03F0010230
:10D51000029B1F433A432CD1099901222046FCF774
:10D52000D9FC00990990FCF749FD002840F32A83B3
:10D53000B9F1390F00F0F3820AF13109AB46089FC7
:10D540000BF8019B354601374646BDE5FCF76AFA04
:10D5500055460646804685E7002FC0F20283029AB0
:10D5600017430D9A174300F0FC82002BA4DDCDF881
:10D5700024B0B9F1390F00F0D282AB46089F09F10F
:10D58000010335460BF8013B013746469CE5029BFB
:10D59000022B7FF74FADBAF1000F40F08C8100995C
:10D5A000534605222046FCF73DFA014600900998B3
:10D5B000FCF704FD002840F37E81DDF81CB00099E3
:10D5C00031230BF8013B2046FCF722FA089F023773
:10D5D000002E7FF487AD7BE41A4601462046FCF717
:10D5E00019FC029B0090012B40F3768100230E93DF
:10D5F000009A136902EB83031869FCF7BDFAC0F1C6
:10D600002000EDE400990998FCF7D8FC0028BFF64B
:10D610000DAD00230999089D0A222046FCF702FA65
:10D620000D9B0990013D002B7FF4F4AE169B002B5F
:10D6300040F3D082089FDDF858A001E5149A92B912
:10D640000C9B002B6DD10D9B002B7BD11D461E46E4
:10D65000B8E41F9B109C002BDDE917AB03DB089A95
:10D660000E2A7FF79AAE029A012A7FF788AC0D9BAB
:10D670000AF1FF37BB42C0F2FF80BAF1000FA3EB03
:10D68000070780F2A482012120460C9DFCF7DEFAF8
:10D69000A5EB0A080646CDF83080BBF1000F7FF7F6
:10D6A00082AC0C9A5A451346A8BF5B46D21AED1AB3
:10D6B0000C92ABEB030B76E40021E1632046FCF710
:10D6C00081F90790002800F04582079BA363002D95
:10D6D00040F0FE801F9B002BC0F26982012216924F
:10D6E00092460B9253E6049B002B7FF478AC059B8B
:10D6F000C3F31303002B7FF472AC059B23F00043AC
:10D700001B0D1B05002B3FF46AAC012301350BF107
:10D71000010B0E93184663E43FF473ACC0F13C0375
:10D720002BE6BBF1000F00F0B3810C9A0D9E5A4519
:10D730001346A8BF5B46D51AABEB030B0C95002E26
:10D740003FF440AC0D9A09992046FCF763FB002397
:10D750000C9D09900D931E4634E431463A4620460E
:10D76000FCF758FBDDF8249001464A460646204661
:10D77000FCF79AFA494680462046FCF749F90D9B8A
:10D78000CDF82480DB1B0D937FF414AC01230D93A3
:10D7900018E403D119F0010F7FF487ACD3461AF8CF
:10D7A000013D302BFAD08FE4079A312301371370F3
:10D7B0008AE44846F2F776FEDDE91023F2F7DCFE54
:10D7C000B74B0022F2F722FD0646A1F15077B54B88
:10D7D0000022DDE91001F2F717FD32463B46804694
:10D7E0008946F3F759F9002840F0A481404649469C
:10D7F000324607F10043F3F731F900283FF4C3AD97
:10D8000000212046FCF704F90B9BDDF81CB05F42B9
:10D81000FFF75EBB00F07881089BA34A5D4205F0EC
:10D820000F0302EBC303D3E90023DDE90001F2F7A4
:10D83000A3FE2D11CDE9100100F0DD819B4E4FF0CC
:10D840000209EB070CD5DDE91001F6E80223F2F737
:10D8500093FE6D10CDE9100109F10109F1D1BEE48B
:10D860006D100836EDE7C5F101030C93089B0F908E
:10D870009B460E93FFF779BA0D9B0E9AFB1A1A443A
:10D880000C9B0E920121204603EB0A05FCF7DEF902
:10D890000C9B0D97D3440646002B3FF48BAB0C9AA0
:10D8A0005A451346A8BF5B46D21AED1A0C92ABEB51
:10D8B000030BFFF77FBB00992046FCF7A9F80B9BF1
:10D8C000DDF81CB05F42002E7FF40CACFFF700BB0C
:10D8D0001695AA460B954BE4049B002B7FF486AE6D
:10D8E000DDE90412C2F31303002B00F052810E9104
:10D8F0007EE671682046FCF765F80546002800F0D2
:10D900008781336902339A0006F10C010C30F3F77A
:10D91000F7FA294601222046FCF7DCFA804695E515
:10D92000009C02460B46F2F771FC089FDDE90223DA
:10D93000013782468B463E46F3F7AEF848B9DDE93B
:10D94000022350465946F3F77FF820B118F0010F33
:10D9500001D0079AEEE4AB46FFF7BABA9DED007B23
:10D960004FF002098DED107B1FE4079B01331093EC
:10D97000DDE90056DDE9022328463146F2F726FFAD
:10D98000F3F7AAF88046F2F78DFDDDE90223F2F7FE
:10D99000F3FD02460B4628463146F2F735FC079A5E
:10D9A000109D08F13003BAF1010F13707FF45BAAE8
:10D9B000B7E7089FCDF824B0354601374646FFF754
:10D9C00068BBDDE91A23DDE91801F2F7D5FD079BF5
:10D9D00083F80080179B012BCDE9120123D0079B10
:10D9E000179ADDF8408003EB0209314B00223046E4
:10D9F0003946F2F7C1FD0F460646F3F76DF80546C6
:10DA0000F2F750FD303502460B4630463946F2F704
:10DA1000FBFB08F8015BC84506460F46E5D1109BA5
:10DA20005D1E179B1D44DDE91289224B00224046F2
:10DA30004946F2F7EBFB32463B46F3F70FF8002876
:10DA400040F0958042464B461A490020F2F7DCFB35
:10DA500032463B46F3F720F880B91F9B002BFFF6B8
:10DA6000EFAD089B0E2B3FF7EBAD1C9B089A03EB29
:10DA7000C20797ED007B8DED027B79E7AB46013D58
:10DA80001BF8013C302BF9D01D9F0137FFF720BA5E
:10DA90000D9E002E7FF456AE0C9DFFF793BA00BF8B
:10DAA00000001C4000001440F8050108D0050108E2
:10DAB000000024400000E03FBAF1000F3FF479AECF
:10DAC000169D002D7FF75FAC089B013B3046394621
:10DAD0001D930022544BF2F74FFD024616460F46A7
:10DAE00009F10100CDE91067F2F7DCFC32463B4654
:10DAF000F2F742FD4D4B0022F2F788FB17950646E0
:10DB0000A1F15077FFF78EBB9DED007B4FF002092E
:10DB10008DED107BFFF763BB0136312311E4AA467C
:10DB2000089F079A392335460AF8013B01374646D4
:10DB3000FFF7C0BADDF81CB031230BF8013B002120
:10DB40002046FBF765FF089F0237FFF7C1B9CDF804
:10DB500024B0F3E4364B3748002240F2AF11FEF711
:10DB600065FF002BCDF824B03FF7D6ACE6E41D9E50
:10DB7000079A0136FFF7DEBB109C1D9FAB460137AD
:10DB8000FFF7A6B97FF4DAAC19F0010F7FF4D0AC3F
:10DB9000D4E4059B23F000431B0D1B05002B3FF431
:10DBA00026AD012301350BF1010B0E9320E5149BEB
:10DBB0004BBB012316939A460B9341E5B9F1390FFC
:10DBC000CDF824B0ABD0002F3FF7B6ACB6E4534647
:10DBD000FFF7DDB9029A022A03DC089F9A46FFF795
:10DBE0002FBA0895DDF858A0D5E4029A0895022AC4
:10DBF000F8DC9A461CE44FF00209FFF7F0BA002166
:10DC0000E163FFF7A6BA149B0B939A4616932EE591
:10DC1000074B08482A4640F2EF21FEF707FF064B64
:10DC20000793FFF72EB800BF0000244000001C40FF
:10DC300030020108E8030108D803010870B5054661
:10DC400084B05BB11C460F4BD3F8E060234669B14A
:10DC50002846B047431C0FD004B070BD094B00F5F7
:10DC60008274D3F8E06023460029F1D10A462846A1
:10DC700001A9B047431CEFD100228A2322602B6008
:10DC800004B070BD1001002010B582B0049CCDE935
:10DC900000344FF0FF3301F09DFE02B010BD00BF15
:10DCA0000EB410B583B005AB064C53F8042B0193AA
:10DCB0000146206800F008F803B0BDE8104003B04A
:10DCC000704700BF7C0200202DE9F04FC5B00DF178
:10DCD000500A8346049116460021082250461C46ED
:10DCE0000B93FAF7F1FBBBF1000F04D0DBF83430F3
:10DCF000002B00F05287049A536EB2F90C20D9071A
:10DD000040F13D81970400F1D485049942F400521A
:10DD100023F400538A814B6612B2130740F1BD8091
:10DD2000049B1B69002B00F0B88002F01A030A2B39
:10DD300000F0C2800023CDE91933CDE90E331BAAD0
:10DD4000DFF8AC980D93189217460793B0464546F6
:10DD5000D9F8E440FAF7AAFCCDF800A003462A4619
:10DD600012A95846A047002800F0C580C0F2BB8029
:10DD7000129A252A034601D01D44E9E7B5EB0806AF
:10DD8000044640F0BC80002319468DF843300893C8
:10DD90004FF0FF326B78069205F10108039108F10C
:10DDA0000108A3F120025A2A00F2FC80DFE812F0F9
:10DDB0008603FA00FA007F03FA00FA00FA005F0314
:10DDC000FA00FA001F023102FA002A029803FA0050
:10DDD00091035B005B005B005B005B005B005B0032
:10DDE0005B005B00FA00FA00FA00FA00FA00FA00A1
:10DDF000FA00FA00FA00E5013503FA00FA00FA0029
:10DE0000FA00FA00FA00FA00FA00FA00FA00370203
:10DE1000FA00FA00FA00B701FA001203FA00FA0059
:10DE2000EB05FA00FA00FA00FA00FA00FA00FA002C
:10DE3000FA00FA00FA00E5017201FA00FA00FA00AD
:10DE4000550372016E00FA003104FA002204060440
:10DE5000B4036E00FA00B7016B007102FA00FA0019
:10DE60001C06FA006B00A3F130020023194618F8D3
:10DE7000013B01EB810102EB4101A3F13002092AD0
:10DE8000F5D908918DE798F8003088E7039B43F0B7
:10DE90002003039398F8003081E7049D58462946F3
:10DEA00001F07AFA002841F02380B5F90C2002F045
:10DEB0001A030A2B7FF43EAF0499B1F90E30002B00
:10DEC000FFF638AF4B6EDD0702D4900540F1BE87F8
:10DED000049923463246584601F03AF807900798CD
:10DEE00045B0BDE8F08F082200215046FAF7ECFA61
:10DEF00001231D442CE7B5EB0806044610D01A9BFD
:10DF000033441A93199B0133072BC7E900861993F1
:10DF100010DC0837079B33440793002C7FF433AFA2
:10DF20001A9B002B40F09C87049B0022B3F90C3015
:10DF3000199218E0049918AA584601F04BF878B9DC
:10DF40001BAFE7E7049918AA584601F043F80028E8
:10DF500000F08C80099B1BB109995846FAF7FAFC2E
:10DF6000049BB3F90C30049A526ED00740F18880BC
:10DF70005B0600F13881079845B0BDE8F08F900549
:10DF800040F1218191047FF5C0AE9F047FF5C5AEBD
:10DF9000049B9B899A0500F12681049B986DFAF7F2
:10DFA00027FC20E1002BBBD001228DF8AC300023F0
:10DFB0008DF8433009930A9206932BAD0592DDE963
:10DFC00019C0039C14F084060146624626D1089BC2
:10DFD000059C1C1B002C00F314849DF8433003B3F4
:10DFE00000260C960132012301317B60072A0DF1D6
:10DFF0004303CDE919213B6000F39B8308370C9B59
:10E0000063B1013211AB02313B60072A4FF00203CA
:10E01000CDE919217B6000F380830837802E00F062
:10E020000383069B0A981C1A002C00F33B830A9B6F
:10E030003D6001321944072ACDE919217B6000F3C4
:10E0400061830837039B5C0705D5089B059A9C1ADA
:10E05000002C00F37A83DDE9073205988242ACBFD9
:10E060009B181B18079300297FF46CAF00231993AA
:10E07000099B1BB109995846FAF76CFC1BAF66E681
:10E080009A053FF575AF049CA06DFAF7B1FBB4F9A2
:10E090000C306DE7039B9B0640F128840B9B0733F4
:10E0A00023F007031A465B6852F8084B0B921E4692
:10E0B000002BC0F2C381069A002A07DB039B23F0E2
:10E0C0008003039354EA060300F0B0840A2C76F12F
:10E0D000000380F0028104F13003DBB2069A8DF870
:10E0E0000F31012A9DF84330B8BF01220592002B61
:10E0F00000F0D383059B0133002505930123CDE96F
:10E1000009530DF20F15DDE91921039B13F0840665
:10E11000084694463FF45BAF00230C9362E70B9EE6
:10E1200000228DF8432056F8042B0992002A00F0B3
:10E130005D85532B00F09484039B13F0100440F092
:10E140008F84069A002AC0F2658609982146F2F764
:10E15000E7FF9DF84320099D002800F0AB86431B94
:10E160000A9323EAE3730593002A00F09D860133A6
:10E17000069405930B960994C5E70B9A432B02F17D
:10E18000040403D0039BD90640F1468408220021F1
:10E1900016A8FAF799F90B9B2BAD1A68294616AB0E
:10E1A0005846FFF74BFD034601330A9000F06B869B
:10E1B0000A9B23EAE373059300230B948DF8433005
:10E1C00009930693FBE6049DA86DFAF70FFBB5F9DA
:10E1D0000C206B6E95047FF598AD98047FF59DAD8E
:10E1E000D9077FF5D5AE4FF0FF330793C3E60B9BFE
:10E1F00053F8042B0892002A80F25683089A0B9356
:10E2000052420892039B43F00403039398F80030B2
:10E21000C5E52B238DF8433098F80030BFE5039B0C
:10E220009D0643F0100040F177830B9B073323F0EA
:10E2300007031A46596852F8083B0B9200228DF8E2
:10E240004320069A002AC0F2248320F490620392AD
:10E2500053EA010200F0318344AD03F00702DB080A
:10E2600043EA4173C908303253EA0104284605F8ED
:10E27000012DF2D1039B13F0010340F09F82069A17
:10E28000099344AB5B1B9A42B8BF1A460A930592A6
:10E2900095E603998E0600F1A38003990B9A11F07D
:10E2A000100652F8043B40F04083039911F04001FE
:10E2B00000F0D3849CB2069B8DF84360002B06DBF4
:10E2C000039B23F080030393002C00F03D830A2C72
:10E2D00076F100030B92FFF4FEAE039B099703F463
:10E2E00080630020CDF8308044A9DDF834800590AB
:10E2F0001F46CDF828B025E00590A319BA4843F190
:10E300000003A0FB032C2CF0030202EB9C029B1ADF
:10E31000E31A4FF0CC32A346B64602FB03F266F195
:10E32000000600FB0622A3FB0043BBF10A0F1344C7
:10E330004FEA54047EF1000E294644EAC3744FEAC2
:10E3400053062ED3059BA84A01330593A31943F125
:10E3500000031046A2FB032525F0030202EB950201
:10E360009B1AE31AA3FB003266F1000500FB0522AD
:10E370005B0843EAC27303EB8303A4EB430330332C
:10E3800001F8013C4D1E002FB7D0059898F80030D9
:10E390008342B1D1FF28AFD00A2C76F1000380F080
:10E3A000808406999DF84330CDF8348044AA521BEE
:10E3B0009142B8BF1146DDE9097BDDF830800A9251
:10E3C0000591002B00F00A84059B0133059300237F
:10E3D000099398E6039B43F010019B0640F1A3824A
:10E3E0000B9B073323F007031A465E6852F8084B6D
:10E3F0000B9200238DF84330069B002BC0F2F7826E
:10E4000021F08003039354EA06037FF45FAE069B7A
:10E41000002B00F09E8200245DE6039A42F0100378
:10E42000920600F19C820B9A04320B9903930C68BC
:10E430000B92E6173346002BBFF63DAE2D238DF829
:10E440004330069B644266EB4606002BFFF63EAE69
:10E45000039B23F08003039338E698F80030682B81
:10E4600000F0F482039A42F04002039297E4584687
:10E47000FEF786FA43680F931846F2F7E1FD0E9017
:10E4800004465846FEF77CFA826898F800300D92F0
:10E49000002C3FF484AC002A3FF481AC1278002AAF
:10E4A0003FF47DAC039A42F48062039277E4039BCD
:10E4B00043F00103039398F8003070E49DF8432083
:10E4C00098F80030002A7FF46AAC20228DF84320AF
:10E4D00065E4039B43F08003039398F800305EE407
:10E4E000404610F8013B2A2B00F0F684A3F13002DD
:10E4F000092A98BF002100F2AE8410F8013B01EB1D
:10E50000810102EB4101A3F13002092AF5D941EA68
:10E51000E1720692804644E40B9C069D54F8043B4D
:10E52000002247F630019542ADF844108DF84320A3
:10E5300018461146C0F25E82039A0B9422F08002C4
:10E5400042F002020392002B00F05B83274A03F0A3
:10E550000F030224D35C05948DF80F31030943EABD
:10E560000173080953EA111100F0D0840DF20F1560
:10E5700003F00F011B09515C05F8011D43EA00730C
:10E58000000953EA0001F3D144AB5B1B1A460A931E
:10E59000069B9342B8BF1346059A002A00F0BA843E
:10E5A000DDE91921039C023314F084060593084623
:10E5B000944600F07C820023099322E503988406A8
:10E5C0003FF533AE03990B9A11F0100152F8043B5A
:10E5D00040F0B384039C14F0400000F01E839BB213
:10E5E0000B9220462AE600BFCDCCCCCC64030108B8
:10E5F00010010020039B990640F1B4810B9B079A00
:10E600001B681A60D2175A600B9B04330B93FFF7F9
:10E610009EBB98F800306C2B00F00E82039A42F0FB
:10E6200010020392FFF7BBBB089B05981C1A002C35
:10E630007FF7F7AC102CB64B23DD38460C9510262F
:10E64000049D1F4604E0103C102C00F1080015DD6D
:10E6500001321031072AC0E90076CDE91921F2DD37
:10E6600018AA2946584600F0B5FC00287FF472AC81
:10E67000103C102CDDE919211BA8E9DC0C9D3B4660
:10E68000074601322144072ACDE919213B607C600D
:10E6900000F39482069B0A981C1A002C07F10807C5
:10E6A0007FF7C5AC102C9A4B21DD384610261F464B
:10E6B00004E0103C102C00F1080016DD0132944BF0
:10E6C0001031072AC0E90036CDE91921F1DD04999E
:10E6D00018AA584600F07EFC00287FF43BAC103CA2
:10E6E000102CDDE919211BA8E8DC3B460746013266
:10E6F0002144072ACDE919213B607C6000F3BC80EE
:10E70000083794E4049918AA584600F063FC0028DE
:10E710007FF420AC1A991BAF94E4049918AA5846C8
:10E7200000F058FC00287FF415ACDDE919211BAF7F
:10E7300074E4049918AA584600F04CFC00287FF4B1
:10E7400009ACDDE919211BAF59E4102C199B714E5E
:10E7500021DD3A4610253746049E04E0103C102C7B
:10E7600002F1080215DD01331031072BC2E90075F3
:10E77000CDE91931F2DD18AA3146584600F02AFCDD
:10E7800000287FF4E7AB103C102CDDE919311BAAFF
:10E79000E9DC3E46174601332144072BC7E90064F4
:10E7A000CDE919317FF757AC049918AA584600F003
:10E7B00011FC00287FF4CEAB1A994CE4302A00F00B
:10E7C000F1813023069A05F8013C023844AB1B1A4C
:10E7D0009A42B8BF1A460A9305460592DDE9192107
:10E7E000039B13F084060846944600F0A8839DF826
:10E7F0004330002B00F0A683002309930C93FFF70E
:10E80000F1BB00230C93102C424E624623DD3946A7
:10E8100010232F46049D04E0103C102C01F1080148
:10E8200017DD01321030072AC1E90063CDE9192054
:10E83000F2DD18AA2946584600F0CCFB00287FF4E8
:10E8400089AB103C102CDDE919201BA94FF01003F7
:10E85000E7DC3D460F4601322118072ACDE9192190
:10E860003E607C6000F36C819DF843600837002EA9
:10E8700036D00026FFF7B6BB049918AA584600F018
:10E88000A9FB00287FF466ABDDE919211BAFFFF778
:10E89000CEBB20F480620392DEE4099301230A9345
:10E8A0000DF20F15FFF78BBB0B9398F80030FFF7B5
:10E8B00076BA9D047FF531AA95E4069A002A7FF482
:10E8C000CBAC10F00102059200F0348130238DF8BA
:10E8D0000F31069B0A9209930DF20F15FFF76FBBDC
:10E8E0000C9B002B7FF48DABFFF79BBB039B0B9A1C
:10E8F000DE0652F8044B3FF598AD039B5D0640F1F0
:10E90000A18144F3C0360B9224B23346FFF7D0BB4B
:10E91000E4070108F40701080B9B1A1D0B9B0B92DF
:10E920001B6800218AE40B9B1A1D0B9B06981B6831
:10E930000026B0428DF843601C4657DB21F0800171
:10E940000391002B7FF4C3AC069B0B92002B7FF44A
:10E9500062AD0A930593099344ADFFF730BB03936F
:10E96000FFF79CBB039BDA0600F13B81039B5B0630
:10E9700000F13D82039B9E0540F133810B9B079A7A
:10E980001B681A7040E6AC4A039911F0200100F0B0
:10E99000B2800B99073121F0070108460446496807
:10E9A00054F8080B0B94039E16F00105059500F032
:10E9B000888050EA010440F0D98000238DF843306C
:10E9C000069B002BC0F2B281039B23F49063039358
:10E9D00000F0068213788DF80F31059B0A93069B91
:10E9E00005930DF20F15F9E6944ACDE70B920391CA
:10E9F000FFF76CBB03990B9441F0020103911046A1
:10EA000003F00F018D4A1B09515C8DF80F1100F0C6
:10EA1000838202210591A9E50B9B1B688DF8AC3020
:10EA2000012305930A932BADFFF7C6BB002A00F024
:10EA3000CC813023FFF752BB039B43F020030393A9
:10EA400008F1010898F80030FFF7A9B9039B43F4D7
:10EA50000073039308F1010898F80030FFF79FB99D
:10EA6000099B13930822002116A8F9F72DFD069B98
:10EA7000002BC0F265810024059725461F460EE055
:10EA80002BA95846FFF7DAF8411C284400F0FB8117
:10EA9000B84209DC04F1040400F004820546139A2C
:10EAA000125916AB002AEBD1059F069557E1089C39
:10EAB000059B0996E41A002C7FF7A3AA02230C9366
:10EAC000A1E6059B8DF84330069B002B27DB039BBB
:10EAD00023F49063039350EA01035AD10699002965
:10EAE00000F0648113788DF80F31012305910A93AA
:10EAF0000DF20F1572E60B9C54F8040B0B94039C5B
:10EB000014F010047FF44FAF039911F0400100F0AE
:10EB1000C18080B2214646E743F002030393039C81
:10EB200000F00F0304F0020524F48064D35C059523
:10EB3000039411E5069B44ADCDE90933FFF73FBAD5
:10EB4000049918AA584600F045FA064600287FF4B2
:10EB500001AA9DF84330DDE91921002B68D10C9BF7
:10EB60001BAF002B7FF44DAAFFF75BBA8DF8453041
:10EB700030238DF8443000238DF84330069B002B62
:10EB8000039BC9DB23F4906343F002030393022346
:10EB9000059300F00F03D35CDEE45846F9F7B8FBA9
:10EBA000FFF7A9B8069A44AB5B1B9A42B8BF1A4656
:10EBB0000A93002305920993FFF701BA049918AA52
:10EBC000584600F007FA00287FF4C4A9DDE91921AE
:10EBD0001BAFFFF726BA099D06930B960993FFF723
:10EBE000EEB90B9B079A1B681A600DE5069B144D46
:10EBF0000B96062B28BF062305930A930692FFF770
:10EC0000DEB9002D00F0EE80302301228DF80F31A7
:10EC10000A922B460DF20F15C2E4039C14F4007106
:10EC200000F0F4800146DBB20B922046FFF706BBF2
:10EC30001BAFFFF7D7B900BF7803010864030108D1
:10EC40008C030108039B0B9298054ABF44F3C0163E
:10EC5000E61764B23346FFF72BBA039810F4007638
:10EC600040F0CA8006998DF8436000291C46FFF6E3
:10EC70002EAB039820F080000390002B7FF427AB8D
:10EC80000B9200297FF4C7AB0A910591099144AD1D
:10EC9000FFF795B9039C14F4007414BFC0B2214669
:10ECA00081E60E9A0F99AD1A2846FDF735FE98F8C1
:10ECB00001300BB108F10108A44AA31943F1000384
:10ECC000A2FB030C2CF0030000EB9C001B1AE31AC0
:10ECD0004FF0CC3166F1000603FB01F102FB061197
:10ECE000A3FB023001445B0843EAC1744E08A31938
:10ECF00043F10003A2FB031020F0030101EB90019C
:10ED00005B1AE31AA3FB023166F1000002FB00125A
:10ED10005B0843EAC27303EB8303A4EB4303303382
:10ED200005F8013C0120013DFFF730BB13788DF859
:10ED30000F3126F480630A9503930DF20F154DE50C
:10ED400016AB00930023194613AA5846FEF79CFF02
:10ED500003460133069000F09680099B1393069BAF
:10ED600043B3632B6ADC002309932BAD08220021F7
:10ED700016A8F9F7A9FB069C16AB009313AA234625
:10ED800029465846FEF780FF844240F0CF8006991E
:10ED900000236B5421EAE17205929DF84320002A7A
:10EDA00068D1CDE90A160692FFF709B9069B0A93C6
:10EDB00044AD13E59DF84330099D0B96003B18BF09
:10EDC00001230593069B0A9308E59DF843303BB168
:10EDD000069BCDE90933012344AD0593FFF793B9B1
:10EDE000069BB6E5069B0A9344ADFFF7D9BB0B9B88
:10EDF000079A1B681A8007E4DCB2069B8DF8431063
:10EE0000002B0E46BFF65CAAFFF761BA03980B927F
:10EE1000FFF714BA099D2846F2F712F99DF843301E
:10EE20000A9020EAE0720592002B3FF4D4AE013242
:10EE3000069405920B960994FFF765B9591C58463C
:10EE4000FAF7D2FA0546F0B109908FE7886DF9F725
:10EE5000CFFCFFF73DB8002280460692FEF7A1BF27
:10EE6000049918AA584600F0B5F800283FF45CA8A9
:10EE7000FFF776B8069A0A92059A0B960132059228
:10EE80000693FFF740B90498B0F90C30426E43F096
:10EE90004001D20781813FF5A6A999053FF5A3A9B5
:10EEA000FFF7F1B8059F5AE7099D06920B96099264
:10EEB000FFF785B842B1069A0B96511C05910A924C
:10EEC00006900990FFF71FB9069B09920B960A93CB
:10EED00005930692FFF773B80B9A98F8013052F831
:10EEE000041B0B9241EAE17180460691FEF757BF81
:10EEF000049A536EDF073FF576A993899E053FF587
:10EF000072A9906DF9F774FCFFF76DB90DF20F154A
:10EF1000FFF73ABB059361E4069B0122012BB8BFC2
:10EF200001230DF20F150A92FFF73ABB049A938959
:10EF300043F040039381FFF70DB80398EEE4099680
:10EF4000FFF745B80993FFF769B800BFCDCCCCCC2B
:10EF50002DE9F04198468B89ADF58D6D23F00203C4
:10EF6000ADF80C301AAB009304934FF48063029316
:10EF700005934B6E1993CB89ADF80E30CB6907938F
:10EF80004B6A099316460023074616A80D460693BA
:10EF9000F9F728FC3246434669463846FEF794FEA8
:10EFA000061E6C4607DB69463846FDF78BFC0028D9
:10EFB00018BF4FF0FF36A3895B0603D5AB8943F03A
:10EFC0004003AB81A06DF9F70FFC30460DF58D6D58
:10EFD000BDE8F081936810B514461BB918460023AC
:10EFE000636010BD00F066F80023A3600023636037
:10EFF00010BD00BF2DE9F0478F681D46AF420B687A
:10F000000C46164636D8B1F90CC01CF4906F0ED1E0
:10F010003D46184631462A4600F03CFAA368DF1BFD
:10F020002368A7602B4400202360BDE8F0874A696D
:10F03000096902EB42025F1A02EBD2726B1C52109A
:10F040003B44934292BF914699461A461CF4806F06
:10F05000804611D01146FAF7C7F9824600B32169FC
:10F060003A46F1F74DFFA38923F4906343F0800300
:10F07000A38105E02F46CCE700F090FA824658B114
:10F080000AEB0703A9EB0707A760C4F810A0C4F8B0
:10F09000149023602F46BCE721694046F9F75AFCDB
:10F0A000A3890C2243F04003C8F800204FF0FF3042
:10F0B000A381BAE79368002B00F0B6802DE9F04FEA
:10F0C000B1F90CC01CF0080F83B0174680460C46FF
:10F0D00027D00B692BB31CF002033D682DD04FF0F5
:10F0E000000ADFF8B0B25646B9465E45334652468E
:10F0F00028BF5B464046002E00F08580E169676AC4
:10F10000B847002840F38880D9F808301B1A824499
:10F11000361AC9F80830002BE7D1002003B0BDE84B
:10F12000F08F2146404600F037F9002879D1B4F934
:10F130000CC03D681CF00203D1D11CF0010975D14F
:10F140004E460097002E5AD01CF4007F2068D4F859
:10F1500008B000F0B180B3455A4600F2DF801CF4DD
:10F16000906F32D023696269A0EB030A02EB42027E
:10F1700002EBD2720AF1010152103144914292BF66
:10F1800093468B460A461CF4806F00F0E5801146DA
:10F190004046FAF729F9002800F0F5805246216927
:10F1A0000190F1F7ADFEA289019B22F4906242F03A
:10F1B0008002A28103EB0A002361ABEB0A03C4F8CF
:10F1C00014B0A3602060B34632464946019200F075
:10F1D00061F9A368019AA3EB0B012368A1601344B2
:10F1E000B24623600026009A9368A3EB0A03D14439
:10F1F0009360002B91D0B4F90CC0002EA4D1D5E9B6
:10F20000009608359EE7D5E900A608356DE721464A
:10F210004046FDF757FB70B3B4F90C3043F04003A0
:10F22000A3814FF0FF3079E7002070471E46BA46B1
:10F230009946184600951F465EB3002831D04A46CD
:10F24000D4E904132068B24228BF3246884204D968
:10F25000A16803EB010B5A4570DC934261DCE16964
:10F26000656A3A464046A847B0F1000BD4DDB9EBD9
:10F270000B09CCD00120DAF80830A3EB0B035F4474
:10F28000A6EB0B06CAF80830002B3FF446AF002E61
:10F29000D3D1009A5668134608320092002EF8D057
:10F2A0001F6832460A213846F1F73AFF002867D036
:10F2B0000130A0EB0709C2E72369834216D36269D4
:10F2C000B24213D86FF00043B34228BF3346E1691E
:10F2D00093FBF2F3676A02FB03F340464A46B847E2
:10F2E000B0F1000A98DDA6EB0A067CE7B345DA46E2
:10F2F00028BFB2465246494600F0CCF8A3682268BF
:10F30000A3EB0A035244A3602260002BEBD12146F9
:10F310004046FDF7D7FA0028E5D07DE7B3463246F0
:10F3200053E73946019200F0B5F8019AA3689B1A99
:10F33000A360236813442360934698E739465A46EE
:10F3400000F0A8F823685B44236021464046FDF79F
:10F35000B9FA00288BD05FE71946404600F01EF945
:10F36000034600287FF426AF21694046F9F7F2FAF8
:10F37000B4F90C300C22C8F8002023F080034DE7CC
:10F38000721C91465CE70C22B4F90C30C8F80020DE
:10F3900044E700BF00FCFF7F38B53D4B1B680546C6
:10F3A0000C4613B15A6B002A5AD0B4F90C30190725
:10F3B0000BD522699AB113F0010221D19B075ABFE4
:10F3C0006369A360A260002038BDDA0658D55807EB
:10F3D0001CD4226943F00803A381002AEBD19905CC
:10F3E00028D5180603F0800124D4D80741D49D07FE
:10F3F0003CD5A2600029E6D043F04003A38144E05D
:10F40000636900225B42A260A361DCE7216B51B11A
:10F4100004F14002914204D02846F9F79BFAB4F96E
:10F420000C300022226322690021C4E9002123F06C
:10F430002403CFE72146284600F0DEFAB4F90C3069
:10F44000226913F001010FD0616900204942A060D8
:10F45000A161002AB7D103F080010029B3D0CBE726
:10F460001846F8F755FFA0E7980700D46169A16036
:10F47000EFE76069A2604042A0610029A3D0BBE72A
:10F48000092243F040032A60A3814FF0FF3038BDCA
:10F490007C02002088420DD98B1883420AD900EBE8
:10F4A000020C5AB3624613F801CD02F801CD99421D
:10F4B000F9D170470F2A0DD802F1FF3CF2B10CF1DF
:10F4C000010C431E8C4411F8012B03F8012F6145F8
:10F4D000F9D1704740EA01039B07F0B50C460ED006
:10F4E00002F1FF3C03460CF1010C013B8C4411F886
:10F4F000012B03F8012F6145F9D1F0BD7047A2F14E
:10F50000100525F00F0501F1200E01F11003AE44A6
:10F5100000F1100C53F8106C4CF8106C53F80C6C94
:10F520004CF80C6C53F8086C4CF8086C53F8046CED
:10F530004CF8046C103373450CF1100CEAD101EB5C
:10F54000050C0CF11001054412F00C0F05F110032D
:10F550008E4602F00F0517D0043D25F00305AC449C
:10F560000CF1140C041B0F680E190431614537604F
:10F57000F9D12C1D04EB0E01234402F0030202F129
:10F58000FF3C002AAFD1F0BD2A46F8E708B50620B7
:10F5900000F09AFA012000F087FB00BF2DE9F84F38
:10F5A0001646002900F098800C46804606F10B05AF
:10F5B000FAF7FCF954F8041C162DA4F1080921F0FF
:10F5C000030758D81025AE4258D8AF4262DABF4B75
:10F5D0009A6809EB070C6245DCF8040000F09280A1
:10F5E00020F0010363445B68DB076AD420F003006A
:10F5F0003B189D4249DDCB0712D454F8083CA9EBD7
:10F60000030BDBF8043023F00302104400EB070A7D
:10F61000554540F3F88007EB020A554540F3CE808C
:10F6200031464046F9F7E0FE0646002800F0228108
:10F6300054F8043C23F001034B44A0F10802934228
:10F6400000F0B6803A1F242A00F2D980132A00F273
:10F65000A480034622461168196051685960926877
:10F660009A6021464046F9F775F94046FAF7A4F941
:10F670003046BDE8F88F35F00705A4D50C23C8F84F
:10F68000003000263046BDE8F88F1F46DCE9022333
:10F69000D3609A60D9F804307A1B0F2A03F0010373
:10F6A00009EB07001DD83B43C9F80430436843F019
:10F6B000010343604046FAF77FF926463046BDE82D
:10F6C000F88FC907ACD454F8083CA9EB030BDBF85E
:10F6D000043023F003029EE7BDE8F84F1146F9F726
:10F6E00083BE09EB05012B4342F00102C9F8043047
:10F6F0004A60436843F00103436008314046F9F72C
:10F7000029F9D7E720F00300C21905F1100C624572
:10F7100080F29180CA0783D454F8082CA9EB020B1D
:10F72000DBF8042022F00302104400EB070AD44562
:10F730003FF771AF5E46DBF80C1056F8080F3A1F22
:10F74000242AC160886000F2AE80132A40F2A980AA
:10F750002168CBF808106168CBF80C101B2A00F266
:10F76000A88008340BF110022168116061685160B3
:10F77000A16891600BEB0501AAEB050242F00102C2
:10F7800099604A60DBF8043003F001032B434046E4
:10F79000CBF80430FAF710F990E723680360636848
:10F7A00043601B2A3CD804F1080200F1080352E729
:10F7B00050F8043C23F003031F446BE73A1F5E46F6
:10F7C000DBF80C3056F8081F242ACB60996022D849
:10F7D000132A1ED92368CBF808306368CBF80C30A5
:10F7E0001B2A3BD808340BF1100322681A606268A8
:10F7F0005A60A2689A6034465746D9464AE721467D
:10F80000FFF748FE2DE7DCE902133A1FCB60996051
:10F81000D5E73346E9E721463046FFF73BFEEAE706
:10F82000A3688360E368C360242A27D004F1100230
:10F8300000F110030FE709EB05019960531B43F03A
:10F8400001034B6054F8043C03F001032B43404692
:10F8500044F8043CFAF7B0F826462FE7A368CBF843
:10F860001030E368CBF81430242A10D010340BF198
:10F870001803BAE74046FAF79FF802E723690361E5
:10F880006169416104F1180200F11803E3E623699C
:10F89000CBF818306369CBF81C3018340BF1200317
:10F8A000A3E7324660E721463046FFF7F3FD074BFA
:10F8B00060E7A168CBF81010E168CBF81410242A97
:10F8C00006D010340BF118024EE700BFD003002021
:10F8D0002269CBF818206269CBF81C2018340BF190
:10F8E000200241E72DE9F04F8BB0DDE91589149F27
:10F8F00002901C46B8F1000F4FD0166801960029FF
:10F90000C34608BF4FF0FF37002503919246884653
:10F9100007E0019B53F8040B0193013C00284AD0F7
:10F920006546AF4235D9002C33D0DBF80030049364
:10F93000DBF804300593019B02981A68D9F8E0605F
:10F940005B4606A9B047431C1CD000EB050CBC4528
:10F9500026D8039B002BDCD000280DDD08F1FF32F8
:10F96000019E06A902EB000E11F8013B02F8013FCF
:10F970007245F9D101968044DAF800200432CAF8C1
:10F980000020C6E7029B8A21002219600546CBF8B9
:10F99000002028460BB0BDE8F08F00F58678ACE774
:10F9A000D846DDF810A0DDF814B02846C8E900AB51
:10F9B0000BB0BDE8F08F0399D84609B1CAF8000032
:10F9C0000CF1FF3500222846C8F800200BB0BDE836
:10F9D000F08F00BF10B584B0054C069800900798D2
:10F9E0000190044800680294FFF77CFF04B010BD4A
:10F9F000100100207C02002070B5B1F90C300C46DB
:10FA0000990796B007D504F143030122C4E90432F3
:10FA1000236016B070BDB4F90E10002905462BDB2B
:10FA20006A4600F07DF8002824DB4FF48061284608
:10FA3000019EF9F7D9FCB4F90C30A0B306F4704676
:10FA400043F080034FF48062B6F5005FA38120602D
:10FA50002061626135D1B4F90E10284600F076F8C5
:10FA6000B4F90C3068B323F0030343F001034FF4FF
:10FA7000006214E0B4F90C3013F0800F0CBF4FF4A7
:10FA80008066402631462846F9F7AEFCB4F90C30C2
:10FA900048B1C4E9040643F0800320600022134308
:10FAA000A38116B070BD9A05B3D423F0030304F10B
:10FAB000430243F002030121C4E90421A38122602F
:10FAC000A7E74FF40062EAE738B5144B1F281D681A
:10FAD0001ED8D5F83821044662B152F820304BB117
:10FAE000012B05D0591C0FD0002142F82010984757
:10FAF000002038BD284600F051F82246014628462D
:10FB0000BDE8384000F034B816232B60012038BD22
:10FB100016232B604FF0FF3038BD00BF7C02002061
:10FB200070B50C46084D03460026204611461C467B
:10FB30002E6000F073F8431C00D070BD2B68002BC2
:10FB4000FBD0236070BD00BF500A002038B5074DC0
:10FB50000022044608462A6000F070F8431C00D0DA
:10FB600038BD2B68002BFBD0236038BD500A002025
:10FB700070B50C46084D03460026204611461C462B
:10FB80002E6000F063F8431C00D070BD2B68002B82
:10FB9000FBD0236070BD00BF500A002000F046B8C3
:10FBA00038B50022002304460D46F0F757FF28B968
:10FBB00020462946BDE8384000F00AB8204605F145
:10FBC000004100F005F8404261EB410138BD00BF43
:10FBD000D0B50C4B002206460F46F0F7CDFCF0F7EF
:10FBE000A3FF0446F0F74EFC074B0022F0F7C4FCDD
:10FBF00002460B4630463946F0F706FBF0F794FF15
:10FC00002146D0BD0000F03D0000F041024B5822DB
:10FC10001A604FF0FF307047500A0020024B582204
:10FC20001A604FF0FF307047500A0020024B5822F4
:10FC30001A604FF0FF307047500A0020024B5822E4
:10FC40001A600020704700BF500A0020024B582263
:10FC50001A604FF0FF307047500A0020024B5822C4
:10FC60001A604FF0FF307047500A0020024B5822B4
:10FC70001A604FF0FF307047500A0020044A0549CF
:10FC80001368002B08BF0B461844106018467047D5
:10FC9000280C0020300C0020024B58221A604FF034
:10FCA000FF307047500A0020FEE700BFF8B500BFE4
:10FCB000F8BC08BC9E467047F8B500BFF8BC08BC4D
:10FCC0009E467047000000005FF800F0D907002052
:10FCD0002B0000002D000000780000003D00000017
:10FCE00043616C63756C61746F72000053746F7064
:10FCF00077617463680000004272696768746E65BA
:10FD0000737320636F6E74726F6C00004553430011
:10FD10003132332B2D000000343536782F000000AF
:10FD2000373839303D0000004300000043450000F3
:10FD30002E00000025672563257300002573000051
:10FD40002567256300000000494E46002567000036
:10FD50005374617274000000506175736500000097
:10FD60005265736574000000486F757200000000F2
:10FD70004D696E75746573005365636F6E647300CF
:10FD8000546F7563682074686520646F74732074A1
:10FD90006F2063616C6962726174650072656400F2
:10FDA000677265656E000000626C7565000000009A
:10FDB00072656400677265656E000000626C75654F
:10FDC00000000000FB21F93FFB2109407CD91240D3
:10FDD000FB2119407A6A1F407CD92240BBFD254097
:10FDE000FB2129403A462C407A6A2F405C4731403B
:10FDF0007CD932409C6B3440BBFD3540DB8F3740B3
:10FE0000FB2139401BB43A403A463C405AD83D4069
:10FE10007A6A3F404C7E40405C4741406C10424013
:10FE20007CD942408CA243409C6B4440AC3445405A
:10FE3000BBFD4540CBC64640DB8F4740EB584840B2
:10FE4000FB21494083F9A200444E6E00FC291500B5
:10FE5000D1572700DD34F50062DBC0003C999500E6
:10FE6000419043006351FE00BBDEAB00B761C500AB
:10FE70003A6E2400D24D42004906E00009EA2E0005
:10FE80001C92D100EB1DFE0029B11C00E83EA7002A
:10FE9000F535820044BB2E009CE98400B426700036
:10FEA000417E5F00D6913900538339009CF43900BC
:10FEB0008B5F840028F9BD00F81F3B00DEFF970030
:10FEC0000F980500112FEF000A5A8B006D1F6D006F
:10FED000CF7E360009CB2700464FB7009E663F0015
:10FEE0002DEA5F00BA277500E5EBC7003D7BF10006
:10FEF000F739070092528A00FB6BEA001FB15F00DE
:10FF0000085D8D00300356007BFC4600F0AB6B00B3
:10FF100020BCCF0036F49A00E3A91D005E61910079
:10FF2000081BE60085996500A0145F008D406800FD
:10FF300080D8FF0027734D0006063100CA56150011
:10FF4000C9A873007BE260006B8CC0000000000059
:10FF500000000040FB21F93F000000002D44743EEA
:10FF6000000000809846F83C0000006051CC783BCF
:10FF700000000080831BF0390000004020257A3803
:10FF8000000000802282E336000000001DF3693586
:10FF90000200000003000000040000000600000052
:10FFA00004000000050000000030014000000000D7
:10FFB00005000000130000000030014000000000B8
:10FFC00005000000090000000038004001000000AA
:10FFD000050000001A000000003800400100000089
:10FFE000050000001D000000003800400100000076
:10FFF0000500000033000000003800400100000050
:020000040801F1
:100000000500000013000000003C0040020000005A
:10001000060000002A000000003C00400200000032
:100020000600000042000000003401400300000010
:10003000050000004C0000000034014003000000F7
:1000400005000000FFFF0000FFFFFFFFFF000000B2
:10005000FFFF00000600000000300140000000002B
:100060000500000014000000003001400000000006
:10007000050000001E0000000038004001000000E4
:1000800005000000220000000038004001000000D0
:100090000500000014000000003C004002000000C9
:1000A000060000002B000000003C004002000000A1
:1000B000060000004500000000340140030000007D
:1000C000050000004D000000003401400300000066
:1000D00005000000FFFF0000FFFFFFFFFF00000022
:1000E000FFFF00000700000000300140000000009A
:1000F0000500000015000000003001400000000075
:10010000050000001F000000003800400100000052
:100110000500000021000000003800400100000040
:10012000050000002300000000380040010000002E
:100130000500000012000000003C0040020000002A
:100140000700000015000000003C00400200000015
:10015000060000002C000000003C004002000000EF
:100160000600000036000000003C004002000000D5
:1001700005000000460000000034014003000000BC
:10018000050000004E0000000034014003000000A4
:1001900005000000FFFF0000FFFFFFFFFF00000061
:1001A000FFFF00000C0009000B00000000000240EF
:1001B0000004024000080240000C0240001002400F
:1001C0000014024000180240001C024000200240BF
:1001D00000240240002802402E0000006E6600004D
:1001E000696E697479000000616E00004C435F43E2
:1001F0004F4C4C41544500004C435F4354595045CB
:10020000000000004C435F4D4F4E45544152590091
:100210004C435F4E554D4552494300004C435F549B
:10022000494D45004C435F4D4553534147455300AD
:1002300042616C6C6F6320737563636565646564AC
:10024000000000002F5F5F772F61726D2D6E6F6E63
:10025000652D656162692D6763632D787061636BDD
:100260002F61726D2D6E6F6E652D656162692D67F0
:1002700063632D787061636B2F6275696C642D61A7
:1002800073736574732F6275696C642F77696E334D
:10029000322D7836342F736F75726365732F6E65E8
:1002A000776C69622D63796777696E2F6E65776CFD
:1002B00069622F6C6962632F7374646C69622F6763
:1002C00064746F612D6765746865782E6300000043
:1002D0002F5F5F772F61726D2D6E6F6E652D65617B
:1002E00062692D6763632D787061636B2F61726D36
:1002F0002D6E6F6E652D656162692D6763632D7864
:100300007061636B2F6275696C642D6173736574C2
:10031000732F6275696C642F77696E33322D78366E
:10032000342F736F75726365732F6E65776C6962B6
:100330002D63796777696E2F6E65776C69622F6CB4
:100340006962632F7374646C69622F6D7072656388
:100350002E630000494E4600696E66004E414E0015
:100360006E616E0030313233343536373839616280
:10037000636465660000000030313233343536374F
:10038000383941424344454600000000286E756CF0
:100390006C290000300000002C2066756E637469C3
:1003A0006F6E3A2000000000617373657274696FAC
:1003B0006E2022257322206661696C65643A20668E
:1003C000696C6520222573222C206C696E652025BE
:1003D00064257325730A0000496E66696E69747935
:1003E000000000004E614E002F5F5F772F61726D3D
:1003F0002D6E6F6E652D656162692D6763632D7863
:100400007061636B2F61726D2D6E6F6E652D65610E
:1004100062692D6763632D787061636B2F62756904
:100420006C642D6173736574732F6275696C642FCE
:1004300077696E33322D7836342F736F757263653A
:10044000732F6E65776C69622D63796777696E2F9C
:100450006E65776C69622F6C6962632F7374646C6C
:1004600069622F64746F612E630000003400000025
:10047000CEFBFFFFCB0300000100000000000000E6
:1004800035000000CEFBFFFFCB03000001000000A1
:100490000000000000000000BC89D897B2D29C3C4C
:1004A00033A7A8D523F649393DA7F444FD0FA5325B
:1004B0009D978CCF08BA5B25436FAC642806681102
:1004C000000000000000000000000000000000002C
:1004D000000000000000000000000000000000001C
:1004E000000000000000000000000000000000000C
:1004F000101112131415161718190000000000002F
:10050000001A1B1C1D1E1F00000000000000000040
:1005100000000000000000000000000000000000DB
:10052000001A1B1C1D1E1F00000000000000000020
:1005300000000000000000000000000000000000BB
:1005400000000000000000000000000000000000AB
:10055000000000000000000000000000000000009B
:10056000000000000000000000000000000000008B
:10057000000000000000000000000000000000007B
:10058000000000000000000000000000000000006B
:10059000000000000000000000000000000000005B
:1005A000000000000000000000000000000000004B
:1005B000000000000000000000000000000000003B
:1005C00005000000190000007D0000000000000090
:1005D0000080E03779C34143176E05B5B5B893463F
:1005E000F5F93FE9034F384D321D30F94877825A0B
:1005F0003CBF737FDD4F1575000000000000F03F29
:1006000000000000000024400000000000005940ED
:100610000000000000408F40000000000088C34040
:1006200000000000006AF8400000000080842E41B5
:1006300000000000D01263410000000084D7974101
:100640000000000065CDCD41000000205FA0024207
:10065000000000E876483742000000A2941A6D427C
:10066000000040E59C30A2420000901EC4BCD6426F
:1006700000003426F56B0C430080E03779C341431A
:1006800000A0D8855734764300C84E676DC1AB4390
:10069000003D9160E458E143408CB5781DAF1544AE
:1006A00050EFE2D6E41A4B4492D54D06CFF0804489
:1006B000F64AE1C7022DB544B49DD9794378EA449E
:1006C0000020202020202020202028282828282022
:1006D000202020202020202020202020202020201A
:1006E0002088101010101010101010101010101082
:1006F0001004040404040404040404101010101072
:10070000101041414141414101010101010101013B
:10071000010101010101010101010101101010108D
:10072000101042424242424202020202020202020D
:100730000202020202020202020202021010101061
:100740002000000000000000000000000000000089
:100750000000000000000000000000000000000099
:100760000000000000000000000000000000000089
:100770000000000000000000000000000000000079
:100780000000000000000000000000000000000069
:100790000000000000000000000000000000000059
:1007A0000000000000000000000000000000000049
:1007B0000000000000000000000000000000000039
:1007C00000000000303030303030303030303030E9
:1007D00030303030202020202020202020202020D9
:1007E0002020202030303030303030303030303049
:1007F00030303030202020202020202020202020B9
:040800002020202074
:080804001C04FF7F010000004D
:08080C0089880008E5110008CD
:04081400C111000806
:10081800000000000102030401020304060708099E
:100828000030014000000000FFFF00000000000051
:10083800FFFF000000000000FFFF000000000000B4
:1008480000000000A0860100000000000000000079
:100858000038004001000000FFFF00000000000019
:10086800FFFF000000000000FFFF00000000000084
:1008780000000000A0860100000000000000000049
:10088800003C004002000000FFFF000000000000E4
:10089800FFFF000000000000FFFF00000000000054
:1008A80000000000A0860100000000000000000019
:1008B8000034014003000000FFFF000000000000BA
:1008C800FFFF000000000000FFFF00000000000024
:1008D80000000000A08601000000000000000000E9
:1008E800FFFFFFFFFF000000FFFF00000000000007
:1008F800FFFF000000000000FFFF000000000000F4
:1009080000000000000000000000000000000000DF
:10091800040000000000000003000000140900208B
:10092800430000000000000000000000000000007C
:1009380000000000000000000000000000000000AF
:10094800430000000000000000000000000000005C
:10095800000000000000000000000000000000008F
:10096800430000000000000000000000000000003C
:10097800000000000000000000000000000000006F
:10098800430000000000000000000000000000001C
:10099800000000000000000000000000000000004F
:1009A80043000000000000000000000000000000FC
:1009B800000000000000000000000000000000002F
:1009C80043000000000000000000000000000000DC
:1009D800000000000000000000000000000000000F
:1009E80043000000000000000000000000000000BC
:1009F80000000000000000000000000000000000EF
:100A080069A400088199000800000000C0060108D8
:100A1800D8010108A4030108A4030108A4030108DC
:100A2800A4030108A4030108A4030108A4030108FE
:100A3800A4030108A4030108FFFFFFFFFFFFFFFF56
:100A4800FFFFFFFFFFFF000001004153434949003A
:100A5800000000000000000000000000000000008E
:100A68000000000000000000000041534349490015
:100A7800000000000000000000000000000000006E
:100A880000000000000000000000000080020020BC
:100A980000000000140900207C090020E40900205F
:100AA800000000000000000000000000000000003E
:100AB800000000000000000000000000000000002E
:100AC800000000000000000000000000000000001E
:100AD800000000000000000000000000000000000E
:100AE80000000000000000000000000000000000FE
:100AF80000000000000000000000000000000000EE
:100B080000000000000000000000000000000000DD
:100B180000000000000000000000000000000000CD
:100B280000000000000000000100000000000000BC
:100B38000E33CDAB34126DE6ECDE05000B00000081
:100B4800000000000000000000000000000000009D
:100B5800000000000000000000000000000000008D
:100B6800000000000000000000000000000000007D
:100B7800000000000000000000000000000000006D
:100B8800000000000000000000000000000000005D
:100B9800000000000000000000000000000000004D
:100BA800000000000000000000000000000000003D
:100BB800000000000000000000000000000000002D
:100BC800000000000000000000000000000000001D
:100BD800580A0020FFFFFFFF00000200000000008D
:100BE8000000000000000000D0030020D003002017
:100BF800D8030020D8030020E0030020E0030020F1
:100C0800E8030020E8030020F0030020F0030020A0
:100C1800F8030020F803002000040020000400204E
:100C280008040020080400201004002010040020FC
:100C380018040020180400202004002020040020AC
:100C4800280400202804002030040020300400205C
:100C5800380400203804002040040020400400200C
:100C680048040020480400205004002050040020BC
:100C7800580400205804002060040020600400206C
:100C8800680400206804002070040020700400201C
:100C980078040020780400208004002080040020CC
:100CA800880400208804002090040020900400207C
:100CB8009804002098040020A0040020A00400202C
:100CC800A8040020A8040020B0040020B0040020DC
:100CD800B8040020B8040020C0040020C00400208C
:100CE800C8040020C8040020D0040020D00400203C
:100CF800D8040020D8040020E0040020E0040020EC
:100D0800E8040020E8040020F0040020F00400209B
:100D1800F8040020F8040020000500200005002049
:100D280008050020080500201005002010050020F7
:100D380018050020180500202005002020050020A7
:100D48002805002028050020300500203005002057
:100D58003805002038050020400500204005002007
:100D680048050020480500205005002050050020B7
:100D78005805002058050020600500206005002067
:100D88006805002068050020700500207005002017
:100D980078050020780500208005002080050020C7
:100DA8008805002088050020900500209005002077
:100DB8009805002098050020A0050020A005002027
:100DC800A8050020A8050020B0050020B0050020D7
:100DD800B8050020B8050020C0050020C005002087
:100DE800C8050020C8050020D0050020D005002037
:100DF800D8050020D8050020E0050020E0050020E7
:100E0800E8050020E8050020F0050020F005002096
:100E1800F8050020F8050020000600200006002044
:100E280008060020080600201006002010060020F2
:100E380018060020180600202006002020060020A2
:100E48002806002028060020300600203006002052
:100E58003806002038060020400600204006002002
:100E680048060020480600205006002050060020B2
:100E78005806002058060020600600206006002062
:100E88006806002068060020700600207006002012
:100E980078060020780600208006002080060020C2
:100EA8008806002088060020900600209006002072
:100EB8009806002098060020A0060020A006002022
:100EC800A8060020A8060020B0060020B0060020D2
:100ED800B8060020B8060020C0060020C006002082
:100EE800C8060020C8060020D0060020D006002032
:100EF800D8060020D8060020E0060020E0060020E2
:100F0800E8060020E8060020F0060020F006002091
:100F1800F8060020F806002000070020000700203F
:100F280008070020080700201007002010070020ED
:100F3800180700201807002020070020200700209D
:100F4800280700202807002030070020300700204D
:100F580038070020380700204007002040070020FD
:100F680048070020480700205007002050070020AD
:100F7800580700205807002060070020600700205D
:100F8800680700206807002070070020700700200D
:100F980078070020780700208007002080070020BD
:100FA800880700208807002090070020900700206D
:100FB8009807002098070020A0070020A00700201D
:100FC800A8070020A8070020B0070020B0070020CD
:100FD800B8070020B8070020C0070020C00700207D
:100FE800C8070020C807002080B483B000AF78602D
:100FF8007B68013B00BFFCD17B6000BF0C37BD465E
:081008005DF8047B7047000055
:0400000508002A3D88
:00000001FF
